employee_code,name,department,salary
EMP001,Employee_1,IT,40000
EMP002,Employee_2,HR,41000
EMP003,Employee_3,Finance,42000
EMP004,Employee_4,Sales,43000
EMP005,Employee_5,Marketing,44000
EMP006,Employee_6,IT,45000
EMP007,Employee_7,HR,46000
EMP008,Employee_8,Finance,47000
EMP009,Employee_9,Sales,48000
EMP010,Employee_10,Marketing,49000
EMP011,Employee_11,IT,50000
EMP012,Employee_12,HR,51000
EMP013,Employee_13,Finance,52000
EMP014,Employee_14,Sales,53000
EMP015,Employee_15,Marketing,54000
EMP016,Employee_16,IT,55000
EMP017,Employee_17,HR,56000
EMP018,Employee_18,Finance,57000
EMP019,Employee_19,Sales,58000
EMP020,Employee_20,Marketing,59000
EMP021,Employee_21,IT,40000
EMP022,Employee_22,HR,41000
EMP023,Employee_23,Finance,42000
EMP024,Employee_24,Sales,43000
EMP025,Employee_25,Marketing,44000
EMP026,Employee_26,IT,45000
EMP027,Employee_27,HR,46000
EMP028,Employee_28,Finance,47000
EMP029,Employee_29,Sales,48000
EMP030,Employee_30,Marketing,49000
EMP031,Employee_31,IT,50000
EMP032,Employee_32,HR,51000
EMP033,Employee_33,Finance,52000
EMP034,Employee_34,Sales,53000
EMP035,Employee_35,Marketing,54000
EMP036,Employee_36,IT,55000
EMP037,Employee_37,HR,56000
EMP038,Employee_38,Finance,57000
EMP039,Employee_39,Sales,58000
EMP040,Employee_40,Marketing,59000
EMP041,Employee_41,IT,40000
EMP042,Employee_42,HR,41000
EMP043,Employee_43,Finance,42000
EMP044,Employee_44,Sales,43000
EMP045,Employee_45,Marketing,44000
EMP046,Employee_46,IT,45000
EMP047,Employee_47,HR,46000
EMP048,Employee_48,Finance,47000
EMP049,Employee_49,Sales,48000
EMP050,Employee_50,Marketing,49000
EMP051,Employee_51,IT,50000
EMP052,Employee_52,HR,51000
EMP053,Employee_53,Finance,52000
EMP054,Employee_54,Sales,53000
EMP055,Employee_55,Marketing,54000
EMP056,Employee_56,IT,55000
EMP057,Employee_57,HR,56000
EMP058,Employee_58,Finance,57000
EMP059,Employee_59,Sales,58000
EMP060,Employee_60,Marketing,59000
EMP061,Employee_61,IT,40000
EMP062,Employee_62,HR,41000
EMP063,Employee_63,Finance,42000
EMP064,Employee_64,Sales,43000
EMP065,Employee_65,Marketing,44000
EMP066,Employee_66,IT,45000
EMP067,Employee_67,HR,46000
EMP068,Employee_68,Finance,47000
EMP069,Employee_69,Sales,48000
EMP070,Employee_70,Marketing,49000
EMP071,Employee_71,IT,50000
EMP072,Employee_72,HR,51000
EMP073,Employee_73,Finance,52000
EMP074,Employee_74,Sales,53000
EMP075,Employee_75,Marketing,54000
EMP076,Employee_76,IT,55000
EMP077,Employee_77,HR,56000
EMP078,Employee_78,Finance,57000
EMP079,Employee_79,Sales,58000
EMP080,Employee_80,Marketing,59000
EMP081,Employee_81,IT,40000
EMP082,Employee_82,HR,41000
EMP083,Employee_83,Finance,42000
EMP084,Employee_84,Sales,43000
EMP085,Employee_85,Marketing,44000
EMP086,Employee_86,IT,45000
EMP087,Employee_87,HR,46000
EMP088,Employee_88,Finance,47000
EMP089,Employee_89,Sales,48000
EMP090,Employee_90,Marketing,49000
EMP091,Employee_91,IT,50000
EMP092,Employee_92,HR,51000
EMP093,Employee_93,Finance,52000
EMP094,Employee_94,Sales,53000
EMP095,Employee_95,Marketing,54000
EMP096,Employee_96,IT,55000
EMP097,Employee_97,HR,56000
EMP098,Employee_98,Finance,57000
EMP099,Employee_99,Sales,58000
EMP100,Employee_100,Marketing,59000
EMP101,Employee_101,IT,40000
EMP102,Employee_102,HR,41000
EMP103,Employee_103,Finance,42000
EMP104,Employee_104,Sales,43000
EMP105,Employee_105,Marketing,44000
EMP106,Employee_106,IT,45000
EMP107,Employee_107,HR,46000
EMP108,Employee_108,Finance,47000
EMP109,Employee_109,Sales,48000
EMP110,Employee_110,Marketing,49000
EMP111,Employee_111,IT,50000
EMP112,Employee_112,HR,51000
EMP113,Employee_113,Finance,52000
EMP114,Employee_114,Sales,53000
EMP115,Employee_115,Marketing,54000
EMP116,Employee_116,IT,55000
EMP117,Employee_117,HR,56000
EMP118,Employee_118,Finance,57000
EMP119,Employee_119,Sales,58000
EMP120,Employee_120,Marketing,59000
EMP121,Employee_121,IT,40000
EMP122,Employee_122,HR,41000
EMP123,Employee_123,Finance,42000
EMP124,Employee_124,Sales,43000
EMP125,Employee_125,Marketing,44000
EMP126,Employee_126,IT,45000
EMP127,Employee_127,HR,46000
EMP128,Employee_128,Finance,47000
EMP129,Employee_129,Sales,48000
EMP130,Employee_130,Marketing,49000
EMP131,Employee_131,IT,50000
EMP132,Employee_132,HR,51000
EMP133,Employee_133,Finance,52000
EMP134,Employee_134,Sales,53000
EMP135,Employee_135,Marketing,54000
EMP136,Employee_136,IT,55000
EMP137,Employee_137,HR,56000
EMP138,Employee_138,Finance,57000
EMP139,Employee_139,Sales,58000
EMP140,Employee_140,Marketing,59000
EMP141,Employee_141,IT,40000
EMP142,Employee_142,HR,41000
EMP143,Employee_143,Finance,42000
EMP144,Employee_144,Sales,43000
EMP145,Employee_145,Marketing,44000
EMP146,Employee_146,IT,45000
EMP147,Employee_147,HR,46000
EMP148,Employee_148,Finance,47000
EMP149,Employee_149,Sales,48000
EMP150,Employee_150,Marketing,49000
EMP151,Employee_151,IT,50000
EMP152,Employee_152,HR,51000
EMP153,Employee_153,Finance,52000
EMP154,Employee_154,Sales,53000
EMP155,Employee_155,Marketing,54000
EMP156,Employee_156,IT,55000
EMP157,Employee_157,HR,56000
EMP158,Employee_158,Finance,57000
EMP159,Employee_159,Sales,58000
EMP160,Employee_160,Marketing,59000
EMP161,Employee_161,IT,40000
EMP162,Employee_162,HR,41000
EMP163,Employee_163,Finance,42000
EMP164,Employee_164,Sales,43000
EMP165,Employee_165,Marketing,44000
EMP166,Employee_166,IT,45000
EMP167,Employee_167,HR,46000
EMP168,Employee_168,Finance,47000
EMP169,Employee_169,Sales,48000
EMP170,Employee_170,Marketing,49000
EMP171,Employee_171,IT,50000
EMP172,Employee_172,HR,51000
EMP173,Employee_173,Finance,52000
EMP174,Employee_174,Sales,53000
EMP175,Employee_175,Marketing,54000
EMP176,Employee_176,IT,55000
EMP177,Employee_177,HR,56000
EMP178,Employee_178,Finance,57000
EMP179,Employee_179,Sales,58000
EMP180,Employee_180,Marketing,59000
EMP181,Employee_181,IT,40000
EMP182,Employee_182,HR,41000
EMP183,Employee_183,Finance,42000
EMP184,Employee_184,Sales,43000
EMP185,Employee_185,Marketing,44000
EMP186,Employee_186,IT,45000
EMP187,Employee_187,HR,46000
EMP188,Employee_188,Finance,47000
EMP189,Employee_189,Sales,48000
EMP190,Employee_190,Marketing,49000
EMP191,Employee_191,IT,50000
EMP192,Employee_192,HR,51000
EMP193,Employee_193,Finance,52000
EMP194,Employee_194,Sales,53000
EMP195,Employee_195,Marketing,54000
EMP196,Employee_196,IT,55000
EMP197,Employee_197,HR,56000
EMP198,Employee_198,Finance,57000
EMP199,Employee_199,Sales,58000
EMP200,Employee_200,Marketing,59000
EMP201,Employee_201,IT,40000
EMP202,Employee_202,HR,41000
EMP203,Employee_203,Finance,42000
EMP204,Employee_204,Sales,43000
EMP205,Employee_205,Marketing,44000
EMP206,Employee_206,IT,45000
EMP207,Employee_207,HR,46000
EMP208,Employee_208,Finance,47000
EMP209,Employee_209,Sales,48000
EMP210,Employee_210,Marketing,49000
EMP211,Employee_211,IT,50000
EMP212,Employee_212,HR,51000
EMP213,Employee_213,Finance,52000
EMP214,Employee_214,Sales,53000
EMP215,Employee_215,Marketing,54000
EMP216,Employee_216,IT,55000
EMP217,Employee_217,HR,56000
EMP218,Employee_218,Finance,57000
EMP219,Employee_219,Sales,58000
EMP220,Employee_220,Marketing,59000
EMP221,Employee_221,IT,40000
EMP222,Employee_222,HR,41000
EMP223,Employee_223,Finance,42000
EMP224,Employee_224,Sales,43000
EMP225,Employee_225,Marketing,44000
EMP226,Employee_226,IT,45000
EMP227,Employee_227,HR,46000
EMP228,Employee_228,Finance,47000
EMP229,Employee_229,Sales,48000
EMP230,Employee_230,Marketing,49000
EMP231,Employee_231,IT,50000
EMP232,Employee_232,HR,51000
EMP233,Employee_233,Finance,52000
EMP234,Employee_234,Sales,53000
EMP235,Employee_235,Marketing,54000
EMP236,Employee_236,IT,55000
EMP237,Employee_237,HR,56000
EMP238,Employee_238,Finance,57000
EMP239,Employee_239,Sales,58000
EMP240,Employee_240,Marketing,59000
EMP241,Employee_241,IT,40000
EMP242,Employee_242,HR,41000
EMP243,Employee_243,Finance,42000
EMP244,Employee_244,Sales,43000
EMP245,Employee_245,Marketing,44000
EMP246,Employee_246,IT,45000
EMP247,Employee_247,HR,46000
EMP248,Employee_248,Finance,47000
EMP249,Employee_249,Sales,48000
EMP250,Employee_250,Marketing,49000
EMP251,Employee_251,IT,50000
EMP252,Employee_252,HR,51000
EMP253,Employee_253,Finance,52000
EMP254,Employee_254,Sales,53000
EMP255,Employee_255,Marketing,54000
EMP256,Employee_256,IT,55000
EMP257,Employee_257,HR,56000
EMP258,Employee_258,Finance,57000
EMP259,Employee_259,Sales,58000
EMP260,Employee_260,Marketing,59000
EMP261,Employee_261,IT,40000
EMP262,Employee_262,HR,41000
EMP263,Employee_263,Finance,42000
EMP264,Employee_264,Sales,43000
EMP265,Employee_265,Marketing,44000
EMP266,Employee_266,IT,45000
EMP267,Employee_267,HR,46000
EMP268,Employee_268,Finance,47000
EMP269,Employee_269,Sales,48000
EMP270,Employee_270,Marketing,49000
EMP271,Employee_271,IT,50000
EMP272,Employee_272,HR,51000
EMP273,Employee_273,Finance,52000
EMP274,Employee_274,Sales,53000
EMP275,Employee_275,Marketing,54000
EMP276,Employee_276,IT,55000
EMP277,Employee_277,HR,56000
EMP278,Employee_278,Finance,57000
EMP279,Employee_279,Sales,58000
EMP280,Employee_280,Marketing,59000
EMP281,Employee_281,IT,40000
EMP282,Employee_282,HR,41000
EMP283,Employee_283,Finance,42000
EMP284,Employee_284,Sales,43000
EMP285,Employee_285,Marketing,44000
EMP286,Employee_286,IT,45000
EMP287,Employee_287,HR,46000
EMP288,Employee_288,Finance,47000
EMP289,Employee_289,Sales,48000
EMP290,Employee_290,Marketing,49000
EMP291,Employee_291,IT,50000
EMP292,Employee_292,HR,51000
EMP293,Employee_293,Finance,52000
EMP294,Employee_294,Sales,53000
EMP295,Employee_295,Marketing,54000
EMP296,Employee_296,IT,55000
EMP297,Employee_297,HR,56000
EMP298,Employee_298,Finance,57000
EMP299,Employee_299,Sales,58000
EMP300,Employee_300,Marketing,59000
EMP301,Employee_301,IT,40000
EMP302,Employee_302,HR,41000
EMP303,Employee_303,Finance,42000
EMP304,Employee_304,Sales,43000
EMP305,Employee_305,Marketing,44000
EMP306,Employee_306,IT,45000
EMP307,Employee_307,HR,46000
EMP308,Employee_308,Finance,47000
EMP309,Employee_309,Sales,48000
EMP310,Employee_310,Marketing,49000
EMP311,Employee_311,IT,50000
EMP312,Employee_312,HR,51000
EMP313,Employee_313,Finance,52000
EMP314,Employee_314,Sales,53000
EMP315,Employee_315,Marketing,54000
EMP316,Employee_316,IT,55000
EMP317,Employee_317,HR,56000
EMP318,Employee_318,Finance,57000
EMP319,Employee_319,Sales,58000
EMP320,Employee_320,Marketing,59000
EMP321,Employee_321,IT,40000
EMP322,Employee_322,HR,41000
EMP323,Employee_323,Finance,42000
EMP324,Employee_324,Sales,43000
EMP325,Employee_325,Marketing,44000
EMP326,Employee_326,IT,45000
EMP327,Employee_327,HR,46000
EMP328,Employee_328,Finance,47000
EMP329,Employee_329,Sales,48000
EMP330,Employee_330,Marketing,49000
EMP331,Employee_331,IT,50000
EMP332,Employee_332,HR,51000
EMP333,Employee_333,Finance,52000
EMP334,Employee_334,Sales,53000
EMP335,Employee_335,Marketing,54000
EMP336,Employee_336,IT,55000
EMP337,Employee_337,HR,56000
EMP338,Employee_338,Finance,57000
EMP339,Employee_339,Sales,58000
EMP340,Employee_340,Marketing,59000
EMP341,Employee_341,IT,40000
EMP342,Employee_342,HR,41000
EMP343,Employee_343,Finance,42000
EMP344,Employee_344,Sales,43000
EMP345,Employee_345,Marketing,44000
EMP346,Employee_346,IT,45000
EMP347,Employee_347,HR,46000
EMP348,Employee_348,Finance,47000
EMP349,Employee_349,Sales,48000
EMP350,Employee_350,Marketing,49000
EMP351,Employee_351,IT,50000
EMP352,Employee_352,HR,51000
EMP353,Employee_353,Finance,52000
EMP354,Employee_354,Sales,53000
EMP355,Employee_355,Marketing,54000
EMP356,Employee_356,IT,55000
EMP357,Employee_357,HR,56000
EMP358,Employee_358,Finance,57000
EMP359,Employee_359,Sales,58000
EMP360,Employee_360,Marketing,59000
EMP361,Employee_361,IT,40000
EMP362,Employee_362,HR,41000
EMP363,Employee_363,Finance,42000
EMP364,Employee_364,Sales,43000
EMP365,Employee_365,Marketing,44000
EMP366,Employee_366,IT,45000
EMP367,Employee_367,HR,46000
EMP368,Employee_368,Finance,47000
EMP369,Employee_369,Sales,48000
EMP370,Employee_370,Marketing,49000
EMP371,Employee_371,IT,50000
EMP372,Employee_372,HR,51000
EMP373,Employee_373,Finance,52000
EMP374,Employee_374,Sales,53000
EMP375,Employee_375,Marketing,54000
EMP376,Employee_376,IT,55000
EMP377,Employee_377,HR,56000
EMP378,Employee_378,Finance,57000
EMP379,Employee_379,Sales,58000
EMP380,Employee_380,Marketing,59000
EMP381,Employee_381,IT,40000
EMP382,Employee_382,HR,41000
EMP383,Employee_383,Finance,42000
EMP384,Employee_384,Sales,43000
EMP385,Employee_385,Marketing,44000
EMP386,Employee_386,IT,45000
EMP387,Employee_387,HR,46000
EMP388,Employee_388,Finance,47000
EMP389,Employee_389,Sales,48000
EMP390,Employee_390,Marketing,49000
EMP391,Employee_391,IT,50000
EMP392,Employee_392,HR,51000
EMP393,Employee_393,Finance,52000
EMP394,Employee_394,Sales,53000
EMP395,Employee_395,Marketing,54000
EMP396,Employee_396,IT,55000
EMP397,Employee_397,HR,56000
EMP398,Employee_398,Finance,57000
EMP399,Employee_399,Sales,58000
EMP400,Employee_400,Marketing,59000
EMP401,Employee_401,IT,40000
EMP402,Employee_402,HR,41000
EMP403,Employee_403,Finance,42000
EMP404,Employee_404,Sales,43000
EMP405,Employee_405,Marketing,44000
EMP406,Employee_406,IT,45000
EMP407,Employee_407,HR,46000
EMP408,Employee_408,Finance,47000
EMP409,Employee_409,Sales,48000
EMP410,Employee_410,Marketing,49000
EMP411,Employee_411,IT,50000
EMP412,Employee_412,HR,51000
EMP413,Employee_413,Finance,52000
EMP414,Employee_414,Sales,53000
EMP415,Employee_415,Marketing,54000
EMP416,Employee_416,IT,55000
EMP417,Employee_417,HR,56000
EMP418,Employee_418,Finance,57000
EMP419,Employee_419,Sales,58000
EMP420,Employee_420,Marketing,59000
EMP421,Employee_421,IT,40000
EMP422,Employee_422,HR,41000
EMP423,Employee_423,Finance,42000
EMP424,Employee_424,Sales,43000
EMP425,Employee_425,Marketing,44000
EMP426,Employee_426,IT,45000
EMP427,Employee_427,HR,46000
EMP428,Employee_428,Finance,47000
EMP429,Employee_429,Sales,48000
EMP430,Employee_430,Marketing,49000
EMP431,Employee_431,IT,50000
EMP432,Employee_432,HR,51000
EMP433,Employee_433,Finance,52000
EMP434,Employee_434,Sales,53000
EMP435,Employee_435,Marketing,54000
EMP436,Employee_436,IT,55000
EMP437,Employee_437,HR,56000
EMP438,Employee_438,Finance,57000
EMP439,Employee_439,Sales,58000
EMP440,Employee_440,Marketing,59000
EMP441,Employee_441,IT,40000
EMP442,Employee_442,HR,41000
EMP443,Employee_443,Finance,42000
EMP444,Employee_444,Sales,43000
EMP445,Employee_445,Marketing,44000
EMP446,Employee_446,IT,45000
EMP447,Employee_447,HR,46000
EMP448,Employee_448,Finance,47000
EMP449,Employee_449,Sales,48000
EMP450,Employee_450,Marketing,49000
EMP451,Employee_451,IT,50000
EMP452,Employee_452,HR,51000
EMP453,Employee_453,Finance,52000
EMP454,Employee_454,Sales,53000
EMP455,Employee_455,Marketing,54000
EMP456,Employee_456,IT,55000
EMP457,Employee_457,HR,56000
EMP458,Employee_458,Finance,57000
EMP459,Employee_459,Sales,58000
EMP460,Employee_460,Marketing,59000
EMP461,Employee_461,IT,40000
EMP462,Employee_462,HR,41000
EMP463,Employee_463,Finance,42000
EMP464,Employee_464,Sales,43000
EMP465,Employee_465,Marketing,44000
EMP466,Employee_466,IT,45000
EMP467,Employee_467,HR,46000
EMP468,Employee_468,Finance,47000
EMP469,Employee_469,Sales,48000
EMP470,Employee_470,Marketing,49000
EMP471,Employee_471,IT,50000
EMP472,Employee_472,HR,51000
EMP473,Employee_473,Finance,52000
EMP474,Employee_474,Sales,53000
EMP475,Employee_475,Marketing,54000
EMP476,Employee_476,IT,55000
EMP477,Employee_477,HR,56000
EMP478,Employee_478,Finance,57000
EMP479,Employee_479,Sales,58000
EMP480,Employee_480,Marketing,59000
EMP481,Employee_481,IT,40000
EMP482,Employee_482,HR,41000
EMP483,Employee_483,Finance,42000
EMP484,Employee_484,Sales,43000
EMP485,Employee_485,Marketing,44000
EMP486,Employee_486,IT,45000
EMP487,Employee_487,HR,46000
EMP488,Employee_488,Finance,47000
EMP489,Employee_489,Sales,48000
EMP490,Employee_490,Marketing,49000
EMP491,Employee_491,IT,50000
EMP492,Employee_492,HR,51000
EMP493,Employee_493,Finance,52000
EMP494,Employee_494,Sales,53000
EMP495,Employee_495,Marketing,54000
EMP496,Employee_496,IT,55000
EMP497,Employee_497,HR,56000
EMP498,Employee_498,Finance,57000
EMP499,Employee_499,Sales,58000
EMP500,Employee_500,Marketing,59000
EMP501,Employee_501,IT,40000
EMP502,Employee_502,HR,41000
EMP503,Employee_503,Finance,42000
EMP504,Employee_504,Sales,43000
EMP505,Employee_505,Marketing,44000
EMP506,Employee_506,IT,45000
EMP507,Employee_507,HR,46000
EMP508,Employee_508,Finance,47000
EMP509,Employee_509,Sales,48000
EMP510,Employee_510,Marketing,49000
EMP511,Employee_511,IT,50000
EMP512,Employee_512,HR,51000
EMP513,Employee_513,Finance,52000
EMP514,Employee_514,Sales,53000
EMP515,Employee_515,Marketing,54000
EMP516,Employee_516,IT,55000
EMP517,Employee_517,HR,56000
EMP518,Employee_518,Finance,57000
EMP519,Employee_519,Sales,58000
EMP520,Employee_520,Marketing,59000
EMP521,Employee_521,IT,40000
EMP522,Employee_522,HR,41000
EMP523,Employee_523,Finance,42000
EMP524,Employee_524,Sales,43000
EMP525,Employee_525,Marketing,44000
EMP526,Employee_526,IT,45000
EMP527,Employee_527,HR,46000
EMP528,Employee_528,Finance,47000
EMP529,Employee_529,Sales,48000
EMP530,Employee_530,Marketing,49000
EMP531,Employee_531,IT,50000
EMP532,Employee_532,HR,51000
EMP533,Employee_533,Finance,52000
EMP534,Employee_534,Sales,53000
EMP535,Employee_535,Marketing,54000
EMP536,Employee_536,IT,55000
EMP537,Employee_537,HR,56000
EMP538,Employee_538,Finance,57000
EMP539,Employee_539,Sales,58000
EMP540,Employee_540,Marketing,59000
EMP541,Employee_541,IT,40000
EMP542,Employee_542,HR,41000
EMP543,Employee_543,Finance,42000
EMP544,Employee_544,Sales,43000
EMP545,Employee_545,Marketing,44000
EMP546,Employee_546,IT,45000
EMP547,Employee_547,HR,46000
EMP548,Employee_548,Finance,47000
EMP549,Employee_549,Sales,48000
EMP550,Employee_550,Marketing,49000
EMP551,Employee_551,IT,50000
EMP552,Employee_552,HR,51000
EMP553,Employee_553,Finance,52000
EMP554,Employee_554,Sales,53000
EMP555,Employee_555,Marketing,54000
EMP556,Employee_556,IT,55000
EMP557,Employee_557,HR,56000
EMP558,Employee_558,Finance,57000
EMP559,Employee_559,Sales,58000
EMP560,Employee_560,Marketing,59000
EMP561,Employee_561,IT,40000
EMP562,Employee_562,HR,41000
EMP563,Employee_563,Finance,42000
EMP564,Employee_564,Sales,43000
EMP565,Employee_565,Marketing,44000
EMP566,Employee_566,IT,45000
EMP567,Employee_567,HR,46000
EMP568,Employee_568,Finance,47000
EMP569,Employee_569,Sales,48000
EMP570,Employee_570,Marketing,49000
EMP571,Employee_571,IT,50000
EMP572,Employee_572,HR,51000
EMP573,Employee_573,Finance,52000
EMP574,Employee_574,Sales,53000
EMP575,Employee_575,Marketing,54000
EMP576,Employee_576,IT,55000
EMP577,Employee_577,HR,56000
EMP578,Employee_578,Finance,57000
EMP579,Employee_579,Sales,58000
EMP580,Employee_580,Marketing,59000
EMP581,Employee_581,IT,40000
EMP582,Employee_582,HR,41000
EMP583,Employee_583,Finance,42000
EMP584,Employee_584,Sales,43000
EMP585,Employee_585,Marketing,44000
EMP586,Employee_586,IT,45000
EMP587,Employee_587,HR,46000
EMP588,Employee_588,Finance,47000
EMP589,Employee_589,Sales,48000
EMP590,Employee_590,Marketing,49000
EMP591,Employee_591,IT,50000
EMP592,Employee_592,HR,51000
EMP593,Employee_593,Finance,52000
EMP594,Employee_594,Sales,53000
EMP595,Employee_595,Marketing,54000
EMP596,Employee_596,IT,55000
EMP597,Employee_597,HR,56000
EMP598,Employee_598,Finance,57000
EMP599,Employee_599,Sales,58000
EMP600,Employee_600,Marketing,59000
EMP601,Employee_601,IT,40000
EMP602,Employee_602,HR,41000
EMP603,Employee_603,Finance,42000
EMP604,Employee_604,Sales,43000
EMP605,Employee_605,Marketing,44000
EMP606,Employee_606,IT,45000
EMP607,Employee_607,HR,46000
EMP608,Employee_608,Finance,47000
EMP609,Employee_609,Sales,48000
EMP610,Employee_610,Marketing,49000
EMP611,Employee_611,IT,50000
EMP612,Employee_612,HR,51000
EMP613,Employee_613,Finance,52000
EMP614,Employee_614,Sales,53000
EMP615,Employee_615,Marketing,54000
EMP616,Employee_616,IT,55000
EMP617,Employee_617,HR,56000
EMP618,Employee_618,Finance,57000
EMP619,Employee_619,Sales,58000
EMP620,Employee_620,Marketing,59000
EMP621,Employee_621,IT,40000
EMP622,Employee_622,HR,41000
EMP623,Employee_623,Finance,42000
EMP624,Employee_624,Sales,43000
EMP625,Employee_625,Marketing,44000
EMP626,Employee_626,IT,45000
EMP627,Employee_627,HR,46000
EMP628,Employee_628,Finance,47000
EMP629,Employee_629,Sales,48000
EMP630,Employee_630,Marketing,49000
EMP631,Employee_631,IT,50000
EMP632,Employee_632,HR,51000
EMP633,Employee_633,Finance,52000
EMP634,Employee_634,Sales,53000
EMP635,Employee_635,Marketing,54000
EMP636,Employee_636,IT,55000
EMP637,Employee_637,HR,56000
EMP638,Employee_638,Finance,57000
EMP639,Employee_639,Sales,58000
EMP640,Employee_640,Marketing,59000
EMP641,Employee_641,IT,40000
EMP642,Employee_642,HR,41000
EMP643,Employee_643,Finance,42000
EMP644,Employee_644,Sales,43000
EMP645,Employee_645,Marketing,44000
EMP646,Employee_646,IT,45000
EMP647,Employee_647,HR,46000
EMP648,Employee_648,Finance,47000
EMP649,Employee_649,Sales,48000
EMP650,Employee_650,Marketing,49000
EMP651,Employee_651,IT,50000
EMP652,Employee_652,HR,51000
EMP653,Employee_653,Finance,52000
EMP654,Employee_654,Sales,53000
EMP655,Employee_655,Marketing,54000
EMP656,Employee_656,IT,55000
EMP657,Employee_657,HR,56000
EMP658,Employee_658,Finance,57000
EMP659,Employee_659,Sales,58000
EMP660,Employee_660,Marketing,59000
EMP661,Employee_661,IT,40000
EMP662,Employee_662,HR,41000
EMP663,Employee_663,Finance,42000
EMP664,Employee_664,Sales,43000
EMP665,Employee_665,Marketing,44000
EMP666,Employee_666,IT,45000
EMP667,Employee_667,HR,46000
EMP668,Employee_668,Finance,47000
EMP669,Employee_669,Sales,48000
EMP670,Employee_670,Marketing,49000
EMP671,Employee_671,IT,50000
EMP672,Employee_672,HR,51000
EMP673,Employee_673,Finance,52000
EMP674,Employee_674,Sales,53000
EMP675,Employee_675,Marketing,54000
EMP676,Employee_676,IT,55000
EMP677,Employee_677,HR,56000
EMP678,Employee_678,Finance,57000
EMP679,Employee_679,Sales,58000
EMP680,Employee_680,Marketing,59000
EMP681,Employee_681,IT,40000
EMP682,Employee_682,HR,41000
EMP683,Employee_683,Finance,42000
EMP684,Employee_684,Sales,43000
EMP685,Employee_685,Marketing,44000
EMP686,Employee_686,IT,45000
EMP687,Employee_687,HR,46000
EMP688,Employee_688,Finance,47000
EMP689,Employee_689,Sales,48000
EMP690,Employee_690,Marketing,49000
EMP691,Employee_691,IT,50000
EMP692,Employee_692,HR,51000
EMP693,Employee_693,Finance,52000
EMP694,Employee_694,Sales,53000
EMP695,Employee_695,Marketing,54000
EMP696,Employee_696,IT,55000
EMP697,Employee_697,HR,56000
EMP698,Employee_698,Finance,57000
EMP699,Employee_699,Sales,58000
EMP700,Employee_700,Marketing,59000
EMP701,Employee_701,IT,40000
EMP702,Employee_702,HR,41000
EMP703,Employee_703,Finance,42000
EMP704,Employee_704,Sales,43000
EMP705,Employee_705,Marketing,44000
EMP706,Employee_706,IT,45000
EMP707,Employee_707,HR,46000
EMP708,Employee_708,Finance,47000
EMP709,Employee_709,Sales,48000
EMP710,Employee_710,Marketing,49000
EMP711,Employee_711,IT,50000
EMP712,Employee_712,HR,51000
EMP713,Employee_713,Finance,52000
EMP714,Employee_714,Sales,53000
EMP715,Employee_715,Marketing,54000
EMP716,Employee_716,IT,55000
EMP717,Employee_717,HR,56000
EMP718,Employee_718,Finance,57000
EMP719,Employee_719,Sales,58000
EMP720,Employee_720,Marketing,59000
EMP721,Employee_721,IT,40000
EMP722,Employee_722,HR,41000
EMP723,Employee_723,Finance,42000
EMP724,Employee_724,Sales,43000
EMP725,Employee_725,Marketing,44000
EMP726,Employee_726,IT,45000
EMP727,Employee_727,HR,46000
EMP728,Employee_728,Finance,47000
EMP729,Employee_729,Sales,48000
EMP730,Employee_730,Marketing,49000
EMP731,Employee_731,IT,50000
EMP732,Employee_732,HR,51000
EMP733,Employee_733,Finance,52000
EMP734,Employee_734,Sales,53000
EMP735,Employee_735,Marketing,54000
EMP736,Employee_736,IT,55000
EMP737,Employee_737,HR,56000
EMP738,Employee_738,Finance,57000
EMP739,Employee_739,Sales,58000
EMP740,Employee_740,Marketing,59000
EMP741,Employee_741,IT,40000
EMP742,Employee_742,HR,41000
EMP743,Employee_743,Finance,42000
EMP744,Employee_744,Sales,43000
EMP745,Employee_745,Marketing,44000
EMP746,Employee_746,IT,45000
EMP747,Employee_747,HR,46000
EMP748,Employee_748,Finance,47000
EMP749,Employee_749,Sales,48000
EMP750,Employee_750,Marketing,49000
EMP751,Employee_751,IT,50000
EMP752,Employee_752,HR,51000
EMP753,Employee_753,Finance,52000
EMP754,Employee_754,Sales,53000
EMP755,Employee_755,Marketing,54000
EMP756,Employee_756,IT,55000
EMP757,Employee_757,HR,56000
EMP758,Employee_758,Finance,57000
EMP759,Employee_759,Sales,58000
EMP760,Employee_760,Marketing,59000
EMP761,Employee_761,IT,40000
EMP762,Employee_762,HR,41000
EMP763,Employee_763,Finance,42000
EMP764,Employee_764,Sales,43000
EMP765,Employee_765,Marketing,44000
EMP766,Employee_766,IT,45000
EMP767,Employee_767,HR,46000
EMP768,Employee_768,Finance,47000
EMP769,Employee_769,Sales,48000
EMP770,Employee_770,Marketing,49000
EMP771,Employee_771,IT,50000
EMP772,Employee_772,HR,51000
EMP773,Employee_773,Finance,52000
EMP774,Employee_774,Sales,53000
EMP775,Employee_775,Marketing,54000
EMP776,Employee_776,IT,55000
EMP777,Employee_777,HR,56000
EMP778,Employee_778,Finance,57000
EMP779,Employee_779,Sales,58000
EMP780,Employee_780,Marketing,59000
EMP781,Employee_781,IT,40000
EMP782,Employee_782,HR,41000
EMP783,Employee_783,Finance,42000
EMP784,Employee_784,Sales,43000
EMP785,Employee_785,Marketing,44000
EMP786,Employee_786,IT,45000
EMP787,Employee_787,HR,46000
EMP788,Employee_788,Finance,47000
EMP789,Employee_789,Sales,48000
EMP790,Employee_790,Marketing,49000
EMP791,Employee_791,IT,50000
EMP792,Employee_792,HR,51000
EMP793,Employee_793,Finance,52000
EMP794,Employee_794,Sales,53000
EMP795,Employee_795,Marketing,54000
EMP796,Employee_796,IT,55000
EMP797,Employee_797,HR,56000
EMP798,Employee_798,Finance,57000
EMP799,Employee_799,Sales,58000
EMP800,Employee_800,Marketing,59000
EMP801,Employee_801,IT,40000
EMP802,Employee_802,HR,41000
EMP803,Employee_803,Finance,42000
EMP804,Employee_804,Sales,43000
EMP805,Employee_805,Marketing,44000
EMP806,Employee_806,IT,45000
EMP807,Employee_807,HR,46000
EMP808,Employee_808,Finance,47000
EMP809,Employee_809,Sales,48000
EMP810,Employee_810,Marketing,49000
EMP811,Employee_811,IT,50000
EMP812,Employee_812,HR,51000
EMP813,Employee_813,Finance,52000
EMP814,Employee_814,Sales,53000
EMP815,Employee_815,Marketing,54000
EMP816,Employee_816,IT,55000
EMP817,Employee_817,HR,56000
EMP818,Employee_818,Finance,57000
EMP819,Employee_819,Sales,58000
EMP820,Employee_820,Marketing,59000
EMP821,Employee_821,IT,40000
EMP822,Employee_822,HR,41000
EMP823,Employee_823,Finance,42000
EMP824,Employee_824,Sales,43000
EMP825,Employee_825,Marketing,44000
EMP826,Employee_826,IT,45000
EMP827,Employee_827,HR,46000
EMP828,Employee_828,Finance,47000
EMP829,Employee_829,Sales,48000
EMP830,Employee_830,Marketing,49000
EMP831,Employee_831,IT,50000
EMP832,Employee_832,HR,51000
EMP833,Employee_833,Finance,52000
EMP834,Employee_834,Sales,53000
EMP835,Employee_835,Marketing,54000
EMP836,Employee_836,IT,55000
EMP837,Employee_837,HR,56000
EMP838,Employee_838,Finance,57000
EMP839,Employee_839,Sales,58000
EMP840,Employee_840,Marketing,59000
EMP841,Employee_841,IT,40000
EMP842,Employee_842,HR,41000
EMP843,Employee_843,Finance,42000
EMP844,Employee_844,Sales,43000
EMP845,Employee_845,Marketing,44000
EMP846,Employee_846,IT,45000
EMP847,Employee_847,HR,46000
EMP848,Employee_848,Finance,47000
EMP849,Employee_849,Sales,48000
EMP850,Employee_850,Marketing,49000
EMP851,Employee_851,IT,50000
EMP852,Employee_852,HR,51000
EMP853,Employee_853,Finance,52000
EMP854,Employee_854,Sales,53000
EMP855,Employee_855,Marketing,54000
EMP856,Employee_856,IT,55000
EMP857,Employee_857,HR,56000
EMP858,Employee_858,Finance,57000
EMP859,Employee_859,Sales,58000
EMP860,Employee_860,Marketing,59000
EMP861,Employee_861,IT,40000
EMP862,Employee_862,HR,41000
EMP863,Employee_863,Finance,42000
EMP864,Employee_864,Sales,43000
EMP865,Employee_865,Marketing,44000
EMP866,Employee_866,IT,45000
EMP867,Employee_867,HR,46000
EMP868,Employee_868,Finance,47000
EMP869,Employee_869,Sales,48000
EMP870,Employee_870,Marketing,49000
EMP871,Employee_871,IT,50000
EMP872,Employee_872,HR,51000
EMP873,Employee_873,Finance,52000
EMP874,Employee_874,Sales,53000
EMP875,Employee_875,Marketing,54000
EMP876,Employee_876,IT,55000
EMP877,Employee_877,HR,56000
EMP878,Employee_878,Finance,57000
EMP879,Employee_879,Sales,58000
EMP880,Employee_880,Marketing,59000
EMP881,Employee_881,IT,40000
EMP882,Employee_882,HR,41000
EMP883,Employee_883,Finance,42000
EMP884,Employee_884,Sales,43000
EMP885,Employee_885,Marketing,44000
EMP886,Employee_886,IT,45000
EMP887,Employee_887,HR,46000
EMP888,Employee_888,Finance,47000
EMP889,Employee_889,Sales,48000
EMP890,Employee_890,Marketing,49000
EMP891,Employee_891,IT,50000
EMP892,Employee_892,HR,51000
EMP893,Employee_893,Finance,52000
EMP894,Employee_894,Sales,53000
EMP895,Employee_895,Marketing,54000
EMP896,Employee_896,IT,55000
EMP897,Employee_897,HR,56000
EMP898,Employee_898,Finance,57000
EMP899,Employee_899,Sales,58000
EMP900,Employee_900,Marketing,59000
EMP901,Employee_901,IT,40000
EMP902,Employee_902,HR,41000
EMP903,Employee_903,Finance,42000
EMP904,Employee_904,Sales,43000
EMP905,Employee_905,Marketing,44000
EMP906,Employee_906,IT,45000
EMP907,Employee_907,HR,46000
EMP908,Employee_908,Finance,47000
EMP909,Employee_909,Sales,48000
EMP910,Employee_910,Marketing,49000
EMP911,Employee_911,IT,50000
EMP912,Employee_912,HR,51000
EMP913,Employee_913,Finance,52000
EMP914,Employee_914,Sales,53000
EMP915,Employee_915,Marketing,54000
EMP916,Employee_916,IT,55000
EMP917,Employee_917,HR,56000
EMP918,Employee_918,Finance,57000
EMP919,Employee_919,Sales,58000
EMP920,Employee_920,Marketing,59000
EMP921,Employee_921,IT,40000
EMP922,Employee_922,HR,41000
EMP923,Employee_923,Finance,42000
EMP924,Employee_924,Sales,43000
EMP925,Employee_925,Marketing,44000
EMP926,Employee_926,IT,45000
EMP927,Employee_927,HR,46000
EMP928,Employee_928,Finance,47000
EMP929,Employee_929,Sales,48000
EMP930,Employee_930,Marketing,49000
EMP931,Employee_931,IT,50000
EMP932,Employee_932,HR,51000
EMP933,Employee_933,Finance,52000
EMP934,Employee_934,Sales,53000
EMP935,Employee_935,Marketing,54000
EMP936,Employee_936,IT,55000
EMP937,Employee_937,HR,56000
EMP938,Employee_938,Finance,57000
EMP939,Employee_939,Sales,58000
EMP940,Employee_940,Marketing,59000
EMP941,Employee_941,IT,40000
EMP942,Employee_942,HR,41000
EMP943,Employee_943,Finance,42000
EMP944,Employee_944,Sales,43000
EMP945,Employee_945,Marketing,44000
EMP946,Employee_946,IT,45000
EMP947,Employee_947,HR,46000
EMP948,Employee_948,Finance,47000
EMP949,Employee_949,Sales,48000
EMP950,Employee_950,Marketing,49000
EMP951,Employee_951,IT,50000
EMP952,Employee_952,HR,51000
EMP953,Employee_953,Finance,52000
EMP954,Employee_954,Sales,53000
EMP955,Employee_955,Marketing,54000
EMP956,Employee_956,IT,55000
EMP957,Employee_957,HR,56000
EMP958,Employee_958,Finance,57000
EMP959,Employee_959,Sales,58000
EMP960,Employee_960,Marketing,59000
EMP961,Employee_961,IT,40000
EMP962,Employee_962,HR,41000
EMP963,Employee_963,Finance,42000
EMP964,Employee_964,Sales,43000
EMP965,Employee_965,Marketing,44000
EMP966,Employee_966,IT,45000
EMP967,Employee_967,HR,46000
EMP968,Employee_968,Finance,47000
EMP969,Employee_969,Sales,48000
EMP970,Employee_970,Marketing,49000
EMP971,Employee_971,IT,50000
EMP972,Employee_972,HR,51000
EMP973,Employee_973,Finance,52000
EMP974,Employee_974,Sales,53000
EMP975,Employee_975,Marketing,54000
EMP976,Employee_976,IT,55000
EMP977,Employee_977,HR,56000
EMP978,Employee_978,Finance,57000
EMP979,Employee_979,Sales,58000
EMP980,Employee_980,Marketing,59000
EMP981,Employee_981,IT,40000
EMP982,Employee_982,HR,41000
EMP983,Employee_983,Finance,42000
EMP984,Employee_984,Sales,43000
EMP985,Employee_985,Marketing,44000
EMP986,Employee_986,IT,45000
EMP987,Employee_987,HR,46000
EMP988,Employee_988,Finance,47000
EMP989,Employee_989,Sales,48000
EMP990,Employee_990,Marketing,49000
EMP991,Employee_991,IT,50000
EMP992,Employee_992,HR,51000
EMP993,Employee_993,Finance,52000
EMP994,Employee_994,Sales,53000
EMP995,Employee_995,Marketing,54000
EMP996,Employee_996,IT,55000
EMP997,Employee_997,HR,56000
EMP998,Employee_998,Finance,57000
EMP999,Employee_999,Sales,58000
EMP1000,Employee_1000,Marketing,59000
EMP1001,Employee_1001,IT,40000
EMP1002,Employee_1002,HR,41000
EMP1003,Employee_1003,Finance,42000
EMP1004,Employee_1004,Sales,43000
EMP1005,Employee_1005,Marketing,44000
EMP1006,Employee_1006,IT,45000
EMP1007,Employee_1007,HR,46000
EMP1008,Employee_1008,Finance,47000
EMP1009,Employee_1009,Sales,48000
EMP1010,Employee_1010,Marketing,49000
EMP1011,Employee_1011,IT,50000
EMP1012,Employee_1012,HR,51000
EMP1013,Employee_1013,Finance,52000
EMP1014,Employee_1014,Sales,53000
EMP1015,Employee_1015,Marketing,54000
EMP1016,Employee_1016,IT,55000
EMP1017,Employee_1017,HR,56000
EMP1018,Employee_1018,Finance,57000
EMP1019,Employee_1019,Sales,58000
EMP1020,Employee_1020,Marketing,59000
EMP1021,Employee_1021,IT,40000
EMP1022,Employee_1022,HR,41000
EMP1023,Employee_1023,Finance,42000
EMP1024,Employee_1024,Sales,43000
EMP1025,Employee_1025,Marketing,44000
EMP1026,Employee_1026,IT,45000
EMP1027,Employee_1027,HR,46000
EMP1028,Employee_1028,Finance,47000
EMP1029,Employee_1029,Sales,48000
EMP1030,Employee_1030,Marketing,49000
EMP1031,Employee_1031,IT,50000
EMP1032,Employee_1032,HR,51000
EMP1033,Employee_1033,Finance,52000
EMP1034,Employee_1034,Sales,53000
EMP1035,Employee_1035,Marketing,54000
EMP1036,Employee_1036,IT,55000
EMP1037,Employee_1037,HR,56000
EMP1038,Employee_1038,Finance,57000
EMP1039,Employee_1039,Sales,58000
EMP1040,Employee_1040,Marketing,59000
EMP1041,Employee_1041,IT,40000
EMP1042,Employee_1042,HR,41000
EMP1043,Employee_1043,Finance,42000
EMP1044,Employee_1044,Sales,43000
EMP1045,Employee_1045,Marketing,44000
EMP1046,Employee_1046,IT,45000
EMP1047,Employee_1047,HR,46000
EMP1048,Employee_1048,Finance,47000
EMP1049,Employee_1049,Sales,48000
EMP1050,Employee_1050,Marketing,49000
EMP1051,Employee_1051,IT,50000
EMP1052,Employee_1052,HR,51000
EMP1053,Employee_1053,Finance,52000
EMP1054,Employee_1054,Sales,53000
EMP1055,Employee_1055,Marketing,54000
EMP1056,Employee_1056,IT,55000
EMP1057,Employee_1057,HR,56000
EMP1058,Employee_1058,Finance,57000
EMP1059,Employee_1059,Sales,58000
EMP1060,Employee_1060,Marketing,59000
EMP1061,Employee_1061,IT,40000
EMP1062,Employee_1062,HR,41000
EMP1063,Employee_1063,Finance,42000
EMP1064,Employee_1064,Sales,43000
EMP1065,Employee_1065,Marketing,44000
EMP1066,Employee_1066,IT,45000
EMP1067,Employee_1067,HR,46000
EMP1068,Employee_1068,Finance,47000
EMP1069,Employee_1069,Sales,48000
EMP1070,Employee_1070,Marketing,49000
EMP1071,Employee_1071,IT,50000
EMP1072,Employee_1072,HR,51000
EMP1073,Employee_1073,Finance,52000
EMP1074,Employee_1074,Sales,53000
EMP1075,Employee_1075,Marketing,54000
EMP1076,Employee_1076,IT,55000
EMP1077,Employee_1077,HR,56000
EMP1078,Employee_1078,Finance,57000
EMP1079,Employee_1079,Sales,58000
EMP1080,Employee_1080,Marketing,59000
EMP1081,Employee_1081,IT,40000
EMP1082,Employee_1082,HR,41000
EMP1083,Employee_1083,Finance,42000
EMP1084,Employee_1084,Sales,43000
EMP1085,Employee_1085,Marketing,44000
EMP1086,Employee_1086,IT,45000
EMP1087,Employee_1087,HR,46000
EMP1088,Employee_1088,Finance,47000
EMP1089,Employee_1089,Sales,48000
EMP1090,Employee_1090,Marketing,49000
EMP1091,Employee_1091,IT,50000
EMP1092,Employee_1092,HR,51000
EMP1093,Employee_1093,Finance,52000
EMP1094,Employee_1094,Sales,53000
EMP1095,Employee_1095,Marketing,54000
EMP1096,Employee_1096,IT,55000
EMP1097,Employee_1097,HR,56000
EMP1098,Employee_1098,Finance,57000
EMP1099,Employee_1099,Sales,58000
EMP1100,Employee_1100,Marketing,59000
EMP1101,Employee_1101,IT,40000
EMP1102,Employee_1102,HR,41000
EMP1103,Employee_1103,Finance,42000
EMP1104,Employee_1104,Sales,43000
EMP1105,Employee_1105,Marketing,44000
EMP1106,Employee_1106,IT,45000
EMP1107,Employee_1107,HR,46000
EMP1108,Employee_1108,Finance,47000
EMP1109,Employee_1109,Sales,48000
EMP1110,Employee_1110,Marketing,49000
EMP1111,Employee_1111,IT,50000
EMP1112,Employee_1112,HR,51000
EMP1113,Employee_1113,Finance,52000
EMP1114,Employee_1114,Sales,53000
EMP1115,Employee_1115,Marketing,54000
EMP1116,Employee_1116,IT,55000
EMP1117,Employee_1117,HR,56000
EMP1118,Employee_1118,Finance,57000
EMP1119,Employee_1119,Sales,58000
EMP1120,Employee_1120,Marketing,59000
EMP1121,Employee_1121,IT,40000
EMP1122,Employee_1122,HR,41000
EMP1123,Employee_1123,Finance,42000
EMP1124,Employee_1124,Sales,43000
EMP1125,Employee_1125,Marketing,44000
EMP1126,Employee_1126,IT,45000
EMP1127,Employee_1127,HR,46000
EMP1128,Employee_1128,Finance,47000
EMP1129,Employee_1129,Sales,48000
EMP1130,Employee_1130,Marketing,49000
EMP1131,Employee_1131,IT,50000
EMP1132,Employee_1132,HR,51000
EMP1133,Employee_1133,Finance,52000
EMP1134,Employee_1134,Sales,53000
EMP1135,Employee_1135,Marketing,54000
EMP1136,Employee_1136,IT,55000
EMP1137,Employee_1137,HR,56000
EMP1138,Employee_1138,Finance,57000
EMP1139,Employee_1139,Sales,58000
EMP1140,Employee_1140,Marketing,59000
EMP1141,Employee_1141,IT,40000
EMP1142,Employee_1142,HR,41000
EMP1143,Employee_1143,Finance,42000
EMP1144,Employee_1144,Sales,43000
EMP1145,Employee_1145,Marketing,44000
EMP1146,Employee_1146,IT,45000
EMP1147,Employee_1147,HR,46000
EMP1148,Employee_1148,Finance,47000
EMP1149,Employee_1149,Sales,48000
EMP1150,Employee_1150,Marketing,49000
EMP1151,Employee_1151,IT,50000
EMP1152,Employee_1152,HR,51000
EMP1153,Employee_1153,Finance,52000
EMP1154,Employee_1154,Sales,53000
EMP1155,Employee_1155,Marketing,54000
EMP1156,Employee_1156,IT,55000
EMP1157,Employee_1157,HR,56000
EMP1158,Employee_1158,Finance,57000
EMP1159,Employee_1159,Sales,58000
EMP1160,Employee_1160,Marketing,59000
EMP1161,Employee_1161,IT,40000
EMP1162,Employee_1162,HR,41000
EMP1163,Employee_1163,Finance,42000
EMP1164,Employee_1164,Sales,43000
EMP1165,Employee_1165,Marketing,44000
EMP1166,Employee_1166,IT,45000
EMP1167,Employee_1167,HR,46000
EMP1168,Employee_1168,Finance,47000
EMP1169,Employee_1169,Sales,48000
EMP1170,Employee_1170,Marketing,49000
EMP1171,Employee_1171,IT,50000
EMP1172,Employee_1172,HR,51000
EMP1173,Employee_1173,Finance,52000
EMP1174,Employee_1174,Sales,53000
EMP1175,Employee_1175,Marketing,54000
EMP1176,Employee_1176,IT,55000
EMP1177,Employee_1177,HR,56000
EMP1178,Employee_1178,Finance,57000
EMP1179,Employee_1179,Sales,58000
EMP1180,Employee_1180,Marketing,59000
EMP1181,Employee_1181,IT,40000
EMP1182,Employee_1182,HR,41000
EMP1183,Employee_1183,Finance,42000
EMP1184,Employee_1184,Sales,43000
EMP1185,Employee_1185,Marketing,44000
EMP1186,Employee_1186,IT,45000
EMP1187,Employee_1187,HR,46000
EMP1188,Employee_1188,Finance,47000
EMP1189,Employee_1189,Sales,48000
EMP1190,Employee_1190,Marketing,49000
EMP1191,Employee_1191,IT,50000
EMP1192,Employee_1192,HR,51000
EMP1193,Employee_1193,Finance,52000
EMP1194,Employee_1194,Sales,53000
EMP1195,Employee_1195,Marketing,54000
EMP1196,Employee_1196,IT,55000
EMP1197,Employee_1197,HR,56000
EMP1198,Employee_1198,Finance,57000
EMP1199,Employee_1199,Sales,58000
EMP1200,Employee_1200,Marketing,59000
EMP1201,Employee_1201,IT,40000
EMP1202,Employee_1202,HR,41000
EMP1203,Employee_1203,Finance,42000
EMP1204,Employee_1204,Sales,43000
EMP1205,Employee_1205,Marketing,44000
EMP1206,Employee_1206,IT,45000
EMP1207,Employee_1207,HR,46000
EMP1208,Employee_1208,Finance,47000
EMP1209,Employee_1209,Sales,48000
EMP1210,Employee_1210,Marketing,49000
EMP1211,Employee_1211,IT,50000
EMP1212,Employee_1212,HR,51000
EMP1213,Employee_1213,Finance,52000
EMP1214,Employee_1214,Sales,53000
EMP1215,Employee_1215,Marketing,54000
EMP1216,Employee_1216,IT,55000
EMP1217,Employee_1217,HR,56000
EMP1218,Employee_1218,Finance,57000
EMP1219,Employee_1219,Sales,58000
EMP1220,Employee_1220,Marketing,59000
EMP1221,Employee_1221,IT,40000
EMP1222,Employee_1222,HR,41000
EMP1223,Employee_1223,Finance,42000
EMP1224,Employee_1224,Sales,43000
EMP1225,Employee_1225,Marketing,44000
EMP1226,Employee_1226,IT,45000
EMP1227,Employee_1227,HR,46000
EMP1228,Employee_1228,Finance,47000
EMP1229,Employee_1229,Sales,48000
EMP1230,Employee_1230,Marketing,49000
EMP1231,Employee_1231,IT,50000
EMP1232,Employee_1232,HR,51000
EMP1233,Employee_1233,Finance,52000
EMP1234,Employee_1234,Sales,53000
EMP1235,Employee_1235,Marketing,54000
EMP1236,Employee_1236,IT,55000
EMP1237,Employee_1237,HR,56000
EMP1238,Employee_1238,Finance,57000
EMP1239,Employee_1239,Sales,58000
EMP1240,Employee_1240,Marketing,59000
EMP1241,Employee_1241,IT,40000
EMP1242,Employee_1242,HR,41000
EMP1243,Employee_1243,Finance,42000
EMP1244,Employee_1244,Sales,43000
EMP1245,Employee_1245,Marketing,44000
EMP1246,Employee_1246,IT,45000
EMP1247,Employee_1247,HR,46000
EMP1248,Employee_1248,Finance,47000
EMP1249,Employee_1249,Sales,48000
EMP1250,Employee_1250,Marketing,49000
EMP1251,Employee_1251,IT,50000
EMP1252,Employee_1252,HR,51000
EMP1253,Employee_1253,Finance,52000
EMP1254,Employee_1254,Sales,53000
EMP1255,Employee_1255,Marketing,54000
EMP1256,Employee_1256,IT,55000
EMP1257,Employee_1257,HR,56000
EMP1258,Employee_1258,Finance,57000
EMP1259,Employee_1259,Sales,58000
EMP1260,Employee_1260,Marketing,59000
EMP1261,Employee_1261,IT,40000
EMP1262,Employee_1262,HR,41000
EMP1263,Employee_1263,Finance,42000
EMP1264,Employee_1264,Sales,43000
EMP1265,Employee_1265,Marketing,44000
EMP1266,Employee_1266,IT,45000
EMP1267,Employee_1267,HR,46000
EMP1268,Employee_1268,Finance,47000
EMP1269,Employee_1269,Sales,48000
EMP1270,Employee_1270,Marketing,49000
EMP1271,Employee_1271,IT,50000
EMP1272,Employee_1272,HR,51000
EMP1273,Employee_1273,Finance,52000
EMP1274,Employee_1274,Sales,53000
EMP1275,Employee_1275,Marketing,54000
EMP1276,Employee_1276,IT,55000
EMP1277,Employee_1277,HR,56000
EMP1278,Employee_1278,Finance,57000
EMP1279,Employee_1279,Sales,58000
EMP1280,Employee_1280,Marketing,59000
EMP1281,Employee_1281,IT,40000
EMP1282,Employee_1282,HR,41000
EMP1283,Employee_1283,Finance,42000
EMP1284,Employee_1284,Sales,43000
EMP1285,Employee_1285,Marketing,44000
EMP1286,Employee_1286,IT,45000
EMP1287,Employee_1287,HR,46000
EMP1288,Employee_1288,Finance,47000
EMP1289,Employee_1289,Sales,48000
EMP1290,Employee_1290,Marketing,49000
EMP1291,Employee_1291,IT,50000
EMP1292,Employee_1292,HR,51000
EMP1293,Employee_1293,Finance,52000
EMP1294,Employee_1294,Sales,53000
EMP1295,Employee_1295,Marketing,54000
EMP1296,Employee_1296,IT,55000
EMP1297,Employee_1297,HR,56000
EMP1298,Employee_1298,Finance,57000
EMP1299,Employee_1299,Sales,58000
EMP1300,Employee_1300,Marketing,59000
EMP1301,Employee_1301,IT,40000
EMP1302,Employee_1302,HR,41000
EMP1303,Employee_1303,Finance,42000
EMP1304,Employee_1304,Sales,43000
EMP1305,Employee_1305,Marketing,44000
EMP1306,Employee_1306,IT,45000
EMP1307,Employee_1307,HR,46000
EMP1308,Employee_1308,Finance,47000
EMP1309,Employee_1309,Sales,48000
EMP1310,Employee_1310,Marketing,49000
EMP1311,Employee_1311,IT,50000
EMP1312,Employee_1312,HR,51000
EMP1313,Employee_1313,Finance,52000
EMP1314,Employee_1314,Sales,53000
EMP1315,Employee_1315,Marketing,54000
EMP1316,Employee_1316,IT,55000
EMP1317,Employee_1317,HR,56000
EMP1318,Employee_1318,Finance,57000
EMP1319,Employee_1319,Sales,58000
EMP1320,Employee_1320,Marketing,59000
EMP1321,Employee_1321,IT,40000
EMP1322,Employee_1322,HR,41000
EMP1323,Employee_1323,Finance,42000
EMP1324,Employee_1324,Sales,43000
EMP1325,Employee_1325,Marketing,44000
EMP1326,Employee_1326,IT,45000
EMP1327,Employee_1327,HR,46000
EMP1328,Employee_1328,Finance,47000
EMP1329,Employee_1329,Sales,48000
EMP1330,Employee_1330,Marketing,49000
EMP1331,Employee_1331,IT,50000
EMP1332,Employee_1332,HR,51000
EMP1333,Employee_1333,Finance,52000
EMP1334,Employee_1334,Sales,53000
EMP1335,Employee_1335,Marketing,54000
EMP1336,Employee_1336,IT,55000
EMP1337,Employee_1337,HR,56000
EMP1338,Employee_1338,Finance,57000
EMP1339,Employee_1339,Sales,58000
EMP1340,Employee_1340,Marketing,59000
EMP1341,Employee_1341,IT,40000
EMP1342,Employee_1342,HR,41000
EMP1343,Employee_1343,Finance,42000
EMP1344,Employee_1344,Sales,43000
EMP1345,Employee_1345,Marketing,44000
EMP1346,Employee_1346,IT,45000
EMP1347,Employee_1347,HR,46000
EMP1348,Employee_1348,Finance,47000
EMP1349,Employee_1349,Sales,48000
EMP1350,Employee_1350,Marketing,49000
EMP1351,Employee_1351,IT,50000
EMP1352,Employee_1352,HR,51000
EMP1353,Employee_1353,Finance,52000
EMP1354,Employee_1354,Sales,53000
EMP1355,Employee_1355,Marketing,54000
EMP1356,Employee_1356,IT,55000
EMP1357,Employee_1357,HR,56000
EMP1358,Employee_1358,Finance,57000
EMP1359,Employee_1359,Sales,58000
EMP1360,Employee_1360,Marketing,59000
EMP1361,Employee_1361,IT,40000
EMP1362,Employee_1362,HR,41000
EMP1363,Employee_1363,Finance,42000
EMP1364,Employee_1364,Sales,43000
EMP1365,Employee_1365,Marketing,44000
EMP1366,Employee_1366,IT,45000
EMP1367,Employee_1367,HR,46000
EMP1368,Employee_1368,Finance,47000
EMP1369,Employee_1369,Sales,48000
EMP1370,Employee_1370,Marketing,49000
EMP1371,Employee_1371,IT,50000
EMP1372,Employee_1372,HR,51000
EMP1373,Employee_1373,Finance,52000
EMP1374,Employee_1374,Sales,53000
EMP1375,Employee_1375,Marketing,54000
EMP1376,Employee_1376,IT,55000
EMP1377,Employee_1377,HR,56000
EMP1378,Employee_1378,Finance,57000
EMP1379,Employee_1379,Sales,58000
EMP1380,Employee_1380,Marketing,59000
EMP1381,Employee_1381,IT,40000
EMP1382,Employee_1382,HR,41000
EMP1383,Employee_1383,Finance,42000
EMP1384,Employee_1384,Sales,43000
EMP1385,Employee_1385,Marketing,44000
EMP1386,Employee_1386,IT,45000
EMP1387,Employee_1387,HR,46000
EMP1388,Employee_1388,Finance,47000
EMP1389,Employee_1389,Sales,48000
EMP1390,Employee_1390,Marketing,49000
EMP1391,Employee_1391,IT,50000
EMP1392,Employee_1392,HR,51000
EMP1393,Employee_1393,Finance,52000
EMP1394,Employee_1394,Sales,53000
EMP1395,Employee_1395,Marketing,54000
EMP1396,Employee_1396,IT,55000
EMP1397,Employee_1397,HR,56000
EMP1398,Employee_1398,Finance,57000
EMP1399,Employee_1399,Sales,58000
EMP1400,Employee_1400,Marketing,59000
EMP1401,Employee_1401,IT,40000
EMP1402,Employee_1402,HR,41000
EMP1403,Employee_1403,Finance,42000
EMP1404,Employee_1404,Sales,43000
EMP1405,Employee_1405,Marketing,44000
EMP1406,Employee_1406,IT,45000
EMP1407,Employee_1407,HR,46000
EMP1408,Employee_1408,Finance,47000
EMP1409,Employee_1409,Sales,48000
EMP1410,Employee_1410,Marketing,49000
EMP1411,Employee_1411,IT,50000
EMP1412,Employee_1412,HR,51000
EMP1413,Employee_1413,Finance,52000
EMP1414,Employee_1414,Sales,53000
EMP1415,Employee_1415,Marketing,54000
EMP1416,Employee_1416,IT,55000
EMP1417,Employee_1417,HR,56000
EMP1418,Employee_1418,Finance,57000
EMP1419,Employee_1419,Sales,58000
EMP1420,Employee_1420,Marketing,59000
EMP1421,Employee_1421,IT,40000
EMP1422,Employee_1422,HR,41000
EMP1423,Employee_1423,Finance,42000
EMP1424,Employee_1424,Sales,43000
EMP1425,Employee_1425,Marketing,44000
EMP1426,Employee_1426,IT,45000
EMP1427,Employee_1427,HR,46000
EMP1428,Employee_1428,Finance,47000
EMP1429,Employee_1429,Sales,48000
EMP1430,Employee_1430,Marketing,49000
EMP1431,Employee_1431,IT,50000
EMP1432,Employee_1432,HR,51000
EMP1433,Employee_1433,Finance,52000
EMP1434,Employee_1434,Sales,53000
EMP1435,Employee_1435,Marketing,54000
EMP1436,Employee_1436,IT,55000
EMP1437,Employee_1437,HR,56000
EMP1438,Employee_1438,Finance,57000
EMP1439,Employee_1439,Sales,58000
EMP1440,Employee_1440,Marketing,59000
EMP1441,Employee_1441,IT,40000
EMP1442,Employee_1442,HR,41000
EMP1443,Employee_1443,Finance,42000
EMP1444,Employee_1444,Sales,43000
EMP1445,Employee_1445,Marketing,44000
EMP1446,Employee_1446,IT,45000
EMP1447,Employee_1447,HR,46000
EMP1448,Employee_1448,Finance,47000
EMP1449,Employee_1449,Sales,48000
EMP1450,Employee_1450,Marketing,49000
EMP1451,Employee_1451,IT,50000
EMP1452,Employee_1452,HR,51000
EMP1453,Employee_1453,Finance,52000
EMP1454,Employee_1454,Sales,53000
EMP1455,Employee_1455,Marketing,54000
EMP1456,Employee_1456,IT,55000
EMP1457,Employee_1457,HR,56000
EMP1458,Employee_1458,Finance,57000
EMP1459,Employee_1459,Sales,58000
EMP1460,Employee_1460,Marketing,59000
EMP1461,Employee_1461,IT,40000
EMP1462,Employee_1462,HR,41000
EMP1463,Employee_1463,Finance,42000
EMP1464,Employee_1464,Sales,43000
EMP1465,Employee_1465,Marketing,44000
EMP1466,Employee_1466,IT,45000
EMP1467,Employee_1467,HR,46000
EMP1468,Employee_1468,Finance,47000
EMP1469,Employee_1469,Sales,48000
EMP1470,Employee_1470,Marketing,49000
EMP1471,Employee_1471,IT,50000
EMP1472,Employee_1472,HR,51000
EMP1473,Employee_1473,Finance,52000
EMP1474,Employee_1474,Sales,53000
EMP1475,Employee_1475,Marketing,54000
EMP1476,Employee_1476,IT,55000
EMP1477,Employee_1477,HR,56000
EMP1478,Employee_1478,Finance,57000
EMP1479,Employee_1479,Sales,58000
EMP1480,Employee_1480,Marketing,59000
EMP1481,Employee_1481,IT,40000
EMP1482,Employee_1482,HR,41000
EMP1483,Employee_1483,Finance,42000
EMP1484,Employee_1484,Sales,43000
EMP1485,Employee_1485,Marketing,44000
EMP1486,Employee_1486,IT,45000
EMP1487,Employee_1487,HR,46000
EMP1488,Employee_1488,Finance,47000
EMP1489,Employee_1489,Sales,48000
EMP1490,Employee_1490,Marketing,49000
EMP1491,Employee_1491,IT,50000
EMP1492,Employee_1492,HR,51000
EMP1493,Employee_1493,Finance,52000
EMP1494,Employee_1494,Sales,53000
EMP1495,Employee_1495,Marketing,54000
EMP1496,Employee_1496,IT,55000
EMP1497,Employee_1497,HR,56000
EMP1498,Employee_1498,Finance,57000
EMP1499,Employee_1499,Sales,58000
EMP1500,Employee_1500,Marketing,59000
EMP1501,Employee_1501,IT,40000
EMP1502,Employee_1502,HR,41000
EMP1503,Employee_1503,Finance,42000
EMP1504,Employee_1504,Sales,43000
EMP1505,Employee_1505,Marketing,44000
EMP1506,Employee_1506,IT,45000
EMP1507,Employee_1507,HR,46000
EMP1508,Employee_1508,Finance,47000
EMP1509,Employee_1509,Sales,48000
EMP1510,Employee_1510,Marketing,49000
EMP1511,Employee_1511,IT,50000
EMP1512,Employee_1512,HR,51000
EMP1513,Employee_1513,Finance,52000
EMP1514,Employee_1514,Sales,53000
EMP1515,Employee_1515,Marketing,54000
EMP1516,Employee_1516,IT,55000
EMP1517,Employee_1517,HR,56000
EMP1518,Employee_1518,Finance,57000
EMP1519,Employee_1519,Sales,58000
EMP1520,Employee_1520,Marketing,59000
EMP1521,Employee_1521,IT,40000
EMP1522,Employee_1522,HR,41000
EMP1523,Employee_1523,Finance,42000
EMP1524,Employee_1524,Sales,43000
EMP1525,Employee_1525,Marketing,44000
EMP1526,Employee_1526,IT,45000
EMP1527,Employee_1527,HR,46000
EMP1528,Employee_1528,Finance,47000
EMP1529,Employee_1529,Sales,48000
EMP1530,Employee_1530,Marketing,49000
EMP1531,Employee_1531,IT,50000
EMP1532,Employee_1532,HR,51000
EMP1533,Employee_1533,Finance,52000
EMP1534,Employee_1534,Sales,53000
EMP1535,Employee_1535,Marketing,54000
EMP1536,Employee_1536,IT,55000
EMP1537,Employee_1537,HR,56000
EMP1538,Employee_1538,Finance,57000
EMP1539,Employee_1539,Sales,58000
EMP1540,Employee_1540,Marketing,59000
EMP1541,Employee_1541,IT,40000
EMP1542,Employee_1542,HR,41000
EMP1543,Employee_1543,Finance,42000
EMP1544,Employee_1544,Sales,43000
EMP1545,Employee_1545,Marketing,44000
EMP1546,Employee_1546,IT,45000
EMP1547,Employee_1547,HR,46000
EMP1548,Employee_1548,Finance,47000
EMP1549,Employee_1549,Sales,48000
EMP1550,Employee_1550,Marketing,49000
EMP1551,Employee_1551,IT,50000
EMP1552,Employee_1552,HR,51000
EMP1553,Employee_1553,Finance,52000
EMP1554,Employee_1554,Sales,53000
EMP1555,Employee_1555,Marketing,54000
EMP1556,Employee_1556,IT,55000
EMP1557,Employee_1557,HR,56000
EMP1558,Employee_1558,Finance,57000
EMP1559,Employee_1559,Sales,58000
EMP1560,Employee_1560,Marketing,59000
EMP1561,Employee_1561,IT,40000
EMP1562,Employee_1562,HR,41000
EMP1563,Employee_1563,Finance,42000
EMP1564,Employee_1564,Sales,43000
EMP1565,Employee_1565,Marketing,44000
EMP1566,Employee_1566,IT,45000
EMP1567,Employee_1567,HR,46000
EMP1568,Employee_1568,Finance,47000
EMP1569,Employee_1569,Sales,48000
EMP1570,Employee_1570,Marketing,49000
EMP1571,Employee_1571,IT,50000
EMP1572,Employee_1572,HR,51000
EMP1573,Employee_1573,Finance,52000
EMP1574,Employee_1574,Sales,53000
EMP1575,Employee_1575,Marketing,54000
EMP1576,Employee_1576,IT,55000
EMP1577,Employee_1577,HR,56000
EMP1578,Employee_1578,Finance,57000
EMP1579,Employee_1579,Sales,58000
EMP1580,Employee_1580,Marketing,59000
EMP1581,Employee_1581,IT,40000
EMP1582,Employee_1582,HR,41000
EMP1583,Employee_1583,Finance,42000
EMP1584,Employee_1584,Sales,43000
EMP1585,Employee_1585,Marketing,44000
EMP1586,Employee_1586,IT,45000
EMP1587,Employee_1587,HR,46000
EMP1588,Employee_1588,Finance,47000
EMP1589,Employee_1589,Sales,48000
EMP1590,Employee_1590,Marketing,49000
EMP1591,Employee_1591,IT,50000
EMP1592,Employee_1592,HR,51000
EMP1593,Employee_1593,Finance,52000
EMP1594,Employee_1594,Sales,53000
EMP1595,Employee_1595,Marketing,54000
EMP1596,Employee_1596,IT,55000
EMP1597,Employee_1597,HR,56000
EMP1598,Employee_1598,Finance,57000
EMP1599,Employee_1599,Sales,58000
EMP1600,Employee_1600,Marketing,59000
EMP1601,Employee_1601,IT,40000
EMP1602,Employee_1602,HR,41000
EMP1603,Employee_1603,Finance,42000
EMP1604,Employee_1604,Sales,43000
EMP1605,Employee_1605,Marketing,44000
EMP1606,Employee_1606,IT,45000
EMP1607,Employee_1607,HR,46000
EMP1608,Employee_1608,Finance,47000
EMP1609,Employee_1609,Sales,48000
EMP1610,Employee_1610,Marketing,49000
EMP1611,Employee_1611,IT,50000
EMP1612,Employee_1612,HR,51000
EMP1613,Employee_1613,Finance,52000
EMP1614,Employee_1614,Sales,53000
EMP1615,Employee_1615,Marketing,54000
EMP1616,Employee_1616,IT,55000
EMP1617,Employee_1617,HR,56000
EMP1618,Employee_1618,Finance,57000
EMP1619,Employee_1619,Sales,58000
EMP1620,Employee_1620,Marketing,59000
EMP1621,Employee_1621,IT,40000
EMP1622,Employee_1622,HR,41000
EMP1623,Employee_1623,Finance,42000
EMP1624,Employee_1624,Sales,43000
EMP1625,Employee_1625,Marketing,44000
EMP1626,Employee_1626,IT,45000
EMP1627,Employee_1627,HR,46000
EMP1628,Employee_1628,Finance,47000
EMP1629,Employee_1629,Sales,48000
EMP1630,Employee_1630,Marketing,49000
EMP1631,Employee_1631,IT,50000
EMP1632,Employee_1632,HR,51000
EMP1633,Employee_1633,Finance,52000
EMP1634,Employee_1634,Sales,53000
EMP1635,Employee_1635,Marketing,54000
EMP1636,Employee_1636,IT,55000
EMP1637,Employee_1637,HR,56000
EMP1638,Employee_1638,Finance,57000
EMP1639,Employee_1639,Sales,58000
EMP1640,Employee_1640,Marketing,59000
EMP1641,Employee_1641,IT,40000
EMP1642,Employee_1642,HR,41000
EMP1643,Employee_1643,Finance,42000
EMP1644,Employee_1644,Sales,43000
EMP1645,Employee_1645,Marketing,44000
EMP1646,Employee_1646,IT,45000
EMP1647,Employee_1647,HR,46000
EMP1648,Employee_1648,Finance,47000
EMP1649,Employee_1649,Sales,48000
EMP1650,Employee_1650,Marketing,49000
EMP1651,Employee_1651,IT,50000
EMP1652,Employee_1652,HR,51000
EMP1653,Employee_1653,Finance,52000
EMP1654,Employee_1654,Sales,53000
EMP1655,Employee_1655,Marketing,54000
EMP1656,Employee_1656,IT,55000
EMP1657,Employee_1657,HR,56000
EMP1658,Employee_1658,Finance,57000
EMP1659,Employee_1659,Sales,58000
EMP1660,Employee_1660,Marketing,59000
EMP1661,Employee_1661,IT,40000
EMP1662,Employee_1662,HR,41000
EMP1663,Employee_1663,Finance,42000
EMP1664,Employee_1664,Sales,43000
EMP1665,Employee_1665,Marketing,44000
EMP1666,Employee_1666,IT,45000
EMP1667,Employee_1667,HR,46000
EMP1668,Employee_1668,Finance,47000
EMP1669,Employee_1669,Sales,48000
EMP1670,Employee_1670,Marketing,49000
EMP1671,Employee_1671,IT,50000
EMP1672,Employee_1672,HR,51000
EMP1673,Employee_1673,Finance,52000
EMP1674,Employee_1674,Sales,53000
EMP1675,Employee_1675,Marketing,54000
EMP1676,Employee_1676,IT,55000
EMP1677,Employee_1677,HR,56000
EMP1678,Employee_1678,Finance,57000
EMP1679,Employee_1679,Sales,58000
EMP1680,Employee_1680,Marketing,59000
EMP1681,Employee_1681,IT,40000
EMP1682,Employee_1682,HR,41000
EMP1683,Employee_1683,Finance,42000
EMP1684,Employee_1684,Sales,43000
EMP1685,Employee_1685,Marketing,44000
EMP1686,Employee_1686,IT,45000
EMP1687,Employee_1687,HR,46000
EMP1688,Employee_1688,Finance,47000
EMP1689,Employee_1689,Sales,48000
EMP1690,Employee_1690,Marketing,49000
EMP1691,Employee_1691,IT,50000
EMP1692,Employee_1692,HR,51000
EMP1693,Employee_1693,Finance,52000
EMP1694,Employee_1694,Sales,53000
EMP1695,Employee_1695,Marketing,54000
EMP1696,Employee_1696,IT,55000
EMP1697,Employee_1697,HR,56000
EMP1698,Employee_1698,Finance,57000
EMP1699,Employee_1699,Sales,58000
EMP1700,Employee_1700,Marketing,59000
EMP1701,Employee_1701,IT,40000
EMP1702,Employee_1702,HR,41000
EMP1703,Employee_1703,Finance,42000
EMP1704,Employee_1704,Sales,43000
EMP1705,Employee_1705,Marketing,44000
EMP1706,Employee_1706,IT,45000
EMP1707,Employee_1707,HR,46000
EMP1708,Employee_1708,Finance,47000
EMP1709,Employee_1709,Sales,48000
EMP1710,Employee_1710,Marketing,49000
EMP1711,Employee_1711,IT,50000
EMP1712,Employee_1712,HR,51000
EMP1713,Employee_1713,Finance,52000
EMP1714,Employee_1714,Sales,53000
EMP1715,Employee_1715,Marketing,54000
EMP1716,Employee_1716,IT,55000
EMP1717,Employee_1717,HR,56000
EMP1718,Employee_1718,Finance,57000
EMP1719,Employee_1719,Sales,58000
EMP1720,Employee_1720,Marketing,59000
EMP1721,Employee_1721,IT,40000
EMP1722,Employee_1722,HR,41000
EMP1723,Employee_1723,Finance,42000
EMP1724,Employee_1724,Sales,43000
EMP1725,Employee_1725,Marketing,44000
EMP1726,Employee_1726,IT,45000
EMP1727,Employee_1727,HR,46000
EMP1728,Employee_1728,Finance,47000
EMP1729,Employee_1729,Sales,48000
EMP1730,Employee_1730,Marketing,49000
EMP1731,Employee_1731,IT,50000
EMP1732,Employee_1732,HR,51000
EMP1733,Employee_1733,Finance,52000
EMP1734,Employee_1734,Sales,53000
EMP1735,Employee_1735,Marketing,54000
EMP1736,Employee_1736,IT,55000
EMP1737,Employee_1737,HR,56000
EMP1738,Employee_1738,Finance,57000
EMP1739,Employee_1739,Sales,58000
EMP1740,Employee_1740,Marketing,59000
EMP1741,Employee_1741,IT,40000
EMP1742,Employee_1742,HR,41000
EMP1743,Employee_1743,Finance,42000
EMP1744,Employee_1744,Sales,43000
EMP1745,Employee_1745,Marketing,44000
EMP1746,Employee_1746,IT,45000
EMP1747,Employee_1747,HR,46000
EMP1748,Employee_1748,Finance,47000
EMP1749,Employee_1749,Sales,48000
EMP1750,Employee_1750,Marketing,49000
EMP1751,Employee_1751,IT,50000
EMP1752,Employee_1752,HR,51000
EMP1753,Employee_1753,Finance,52000
EMP1754,Employee_1754,Sales,53000
EMP1755,Employee_1755,Marketing,54000
EMP1756,Employee_1756,IT,55000
EMP1757,Employee_1757,HR,56000
EMP1758,Employee_1758,Finance,57000
EMP1759,Employee_1759,Sales,58000
EMP1760,Employee_1760,Marketing,59000
EMP1761,Employee_1761,IT,40000
EMP1762,Employee_1762,HR,41000
EMP1763,Employee_1763,Finance,42000
EMP1764,Employee_1764,Sales,43000
EMP1765,Employee_1765,Marketing,44000
EMP1766,Employee_1766,IT,45000
EMP1767,Employee_1767,HR,46000
EMP1768,Employee_1768,Finance,47000
EMP1769,Employee_1769,Sales,48000
EMP1770,Employee_1770,Marketing,49000
EMP1771,Employee_1771,IT,50000
EMP1772,Employee_1772,HR,51000
EMP1773,Employee_1773,Finance,52000
EMP1774,Employee_1774,Sales,53000
EMP1775,Employee_1775,Marketing,54000
EMP1776,Employee_1776,IT,55000
EMP1777,Employee_1777,HR,56000
EMP1778,Employee_1778,Finance,57000
EMP1779,Employee_1779,Sales,58000
EMP1780,Employee_1780,Marketing,59000
EMP1781,Employee_1781,IT,40000
EMP1782,Employee_1782,HR,41000
EMP1783,Employee_1783,Finance,42000
EMP1784,Employee_1784,Sales,43000
EMP1785,Employee_1785,Marketing,44000
EMP1786,Employee_1786,IT,45000
EMP1787,Employee_1787,HR,46000
EMP1788,Employee_1788,Finance,47000
EMP1789,Employee_1789,Sales,48000
EMP1790,Employee_1790,Marketing,49000
EMP1791,Employee_1791,IT,50000
EMP1792,Employee_1792,HR,51000
EMP1793,Employee_1793,Finance,52000
EMP1794,Employee_1794,Sales,53000
EMP1795,Employee_1795,Marketing,54000
EMP1796,Employee_1796,IT,55000
EMP1797,Employee_1797,HR,56000
EMP1798,Employee_1798,Finance,57000
EMP1799,Employee_1799,Sales,58000
EMP1800,Employee_1800,Marketing,59000
EMP1801,Employee_1801,IT,40000
EMP1802,Employee_1802,HR,41000
EMP1803,Employee_1803,Finance,42000
EMP1804,Employee_1804,Sales,43000
EMP1805,Employee_1805,Marketing,44000
EMP1806,Employee_1806,IT,45000
EMP1807,Employee_1807,HR,46000
EMP1808,Employee_1808,Finance,47000
EMP1809,Employee_1809,Sales,48000
EMP1810,Employee_1810,Marketing,49000
EMP1811,Employee_1811,IT,50000
EMP1812,Employee_1812,HR,51000
EMP1813,Employee_1813,Finance,52000
EMP1814,Employee_1814,Sales,53000
EMP1815,Employee_1815,Marketing,54000
EMP1816,Employee_1816,IT,55000
EMP1817,Employee_1817,HR,56000
EMP1818,Employee_1818,Finance,57000
EMP1819,Employee_1819,Sales,58000
EMP1820,Employee_1820,Marketing,59000
EMP1821,Employee_1821,IT,40000
EMP1822,Employee_1822,HR,41000
EMP1823,Employee_1823,Finance,42000
EMP1824,Employee_1824,Sales,43000
EMP1825,Employee_1825,Marketing,44000
EMP1826,Employee_1826,IT,45000
EMP1827,Employee_1827,HR,46000
EMP1828,Employee_1828,Finance,47000
EMP1829,Employee_1829,Sales,48000
EMP1830,Employee_1830,Marketing,49000
EMP1831,Employee_1831,IT,50000
EMP1832,Employee_1832,HR,51000
EMP1833,Employee_1833,Finance,52000
EMP1834,Employee_1834,Sales,53000
EMP1835,Employee_1835,Marketing,54000
EMP1836,Employee_1836,IT,55000
EMP1837,Employee_1837,HR,56000
EMP1838,Employee_1838,Finance,57000
EMP1839,Employee_1839,Sales,58000
EMP1840,Employee_1840,Marketing,59000
EMP1841,Employee_1841,IT,40000
EMP1842,Employee_1842,HR,41000
EMP1843,Employee_1843,Finance,42000
EMP1844,Employee_1844,Sales,43000
EMP1845,Employee_1845,Marketing,44000
EMP1846,Employee_1846,IT,45000
EMP1847,Employee_1847,HR,46000
EMP1848,Employee_1848,Finance,47000
EMP1849,Employee_1849,Sales,48000
EMP1850,Employee_1850,Marketing,49000
EMP1851,Employee_1851,IT,50000
EMP1852,Employee_1852,HR,51000
EMP1853,Employee_1853,Finance,52000
EMP1854,Employee_1854,Sales,53000
EMP1855,Employee_1855,Marketing,54000
EMP1856,Employee_1856,IT,55000
EMP1857,Employee_1857,HR,56000
EMP1858,Employee_1858,Finance,57000
EMP1859,Employee_1859,Sales,58000
EMP1860,Employee_1860,Marketing,59000
EMP1861,Employee_1861,IT,40000
EMP1862,Employee_1862,HR,41000
EMP1863,Employee_1863,Finance,42000
EMP1864,Employee_1864,Sales,43000
EMP1865,Employee_1865,Marketing,44000
EMP1866,Employee_1866,IT,45000
EMP1867,Employee_1867,HR,46000
EMP1868,Employee_1868,Finance,47000
EMP1869,Employee_1869,Sales,48000
EMP1870,Employee_1870,Marketing,49000
EMP1871,Employee_1871,IT,50000
EMP1872,Employee_1872,HR,51000
EMP1873,Employee_1873,Finance,52000
EMP1874,Employee_1874,Sales,53000
EMP1875,Employee_1875,Marketing,54000
EMP1876,Employee_1876,IT,55000
EMP1877,Employee_1877,HR,56000
EMP1878,Employee_1878,Finance,57000
EMP1879,Employee_1879,Sales,58000
EMP1880,Employee_1880,Marketing,59000
EMP1881,Employee_1881,IT,40000
EMP1882,Employee_1882,HR,41000
EMP1883,Employee_1883,Finance,42000
EMP1884,Employee_1884,Sales,43000
EMP1885,Employee_1885,Marketing,44000
EMP1886,Employee_1886,IT,45000
EMP1887,Employee_1887,HR,46000
EMP1888,Employee_1888,Finance,47000
EMP1889,Employee_1889,Sales,48000
EMP1890,Employee_1890,Marketing,49000
EMP1891,Employee_1891,IT,50000
EMP1892,Employee_1892,HR,51000
EMP1893,Employee_1893,Finance,52000
EMP1894,Employee_1894,Sales,53000
EMP1895,Employee_1895,Marketing,54000
EMP1896,Employee_1896,IT,55000
EMP1897,Employee_1897,HR,56000
EMP1898,Employee_1898,Finance,57000
EMP1899,Employee_1899,Sales,58000
EMP1900,Employee_1900,Marketing,59000
EMP1901,Employee_1901,IT,40000
EMP1902,Employee_1902,HR,41000
EMP1903,Employee_1903,Finance,42000
EMP1904,Employee_1904,Sales,43000
EMP1905,Employee_1905,Marketing,44000
EMP1906,Employee_1906,IT,45000
EMP1907,Employee_1907,HR,46000
EMP1908,Employee_1908,Finance,47000
EMP1909,Employee_1909,Sales,48000
EMP1910,Employee_1910,Marketing,49000
EMP1911,Employee_1911,IT,50000
EMP1912,Employee_1912,HR,51000
EMP1913,Employee_1913,Finance,52000
EMP1914,Employee_1914,Sales,53000
EMP1915,Employee_1915,Marketing,54000
EMP1916,Employee_1916,IT,55000
EMP1917,Employee_1917,HR,56000
EMP1918,Employee_1918,Finance,57000
EMP1919,Employee_1919,Sales,58000
EMP1920,Employee_1920,Marketing,59000
EMP1921,Employee_1921,IT,40000
EMP1922,Employee_1922,HR,41000
EMP1923,Employee_1923,Finance,42000
EMP1924,Employee_1924,Sales,43000
EMP1925,Employee_1925,Marketing,44000
EMP1926,Employee_1926,IT,45000
EMP1927,Employee_1927,HR,46000
EMP1928,Employee_1928,Finance,47000
EMP1929,Employee_1929,Sales,48000
EMP1930,Employee_1930,Marketing,49000
EMP1931,Employee_1931,IT,50000
EMP1932,Employee_1932,HR,51000
EMP1933,Employee_1933,Finance,52000
EMP1934,Employee_1934,Sales,53000
EMP1935,Employee_1935,Marketing,54000
EMP1936,Employee_1936,IT,55000
EMP1937,Employee_1937,HR,56000
EMP1938,Employee_1938,Finance,57000
EMP1939,Employee_1939,Sales,58000
EMP1940,Employee_1940,Marketing,59000
EMP1941,Employee_1941,IT,40000
EMP1942,Employee_1942,HR,41000
EMP1943,Employee_1943,Finance,42000
EMP1944,Employee_1944,Sales,43000
EMP1945,Employee_1945,Marketing,44000
EMP1946,Employee_1946,IT,45000
EMP1947,Employee_1947,HR,46000
EMP1948,Employee_1948,Finance,47000
EMP1949,Employee_1949,Sales,48000
EMP1950,Employee_1950,Marketing,49000
EMP1951,Employee_1951,IT,50000
EMP1952,Employee_1952,HR,51000
EMP1953,Employee_1953,Finance,52000
EMP1954,Employee_1954,Sales,53000
EMP1955,Employee_1955,Marketing,54000
EMP1956,Employee_1956,IT,55000
EMP1957,Employee_1957,HR,56000
EMP1958,Employee_1958,Finance,57000
EMP1959,Employee_1959,Sales,58000
EMP1960,Employee_1960,Marketing,59000
EMP1961,Employee_1961,IT,40000
EMP1962,Employee_1962,HR,41000
EMP1963,Employee_1963,Finance,42000
EMP1964,Employee_1964,Sales,43000
EMP1965,Employee_1965,Marketing,44000
EMP1966,Employee_1966,IT,45000
EMP1967,Employee_1967,HR,46000
EMP1968,Employee_1968,Finance,47000
EMP1969,Employee_1969,Sales,48000
EMP1970,Employee_1970,Marketing,49000
EMP1971,Employee_1971,IT,50000
EMP1972,Employee_1972,HR,51000
EMP1973,Employee_1973,Finance,52000
EMP1974,Employee_1974,Sales,53000
EMP1975,Employee_1975,Marketing,54000
EMP1976,Employee_1976,IT,55000
EMP1977,Employee_1977,HR,56000
EMP1978,Employee_1978,Finance,57000
EMP1979,Employee_1979,Sales,58000
EMP1980,Employee_1980,Marketing,59000
EMP1981,Employee_1981,IT,40000
EMP1982,Employee_1982,HR,41000
EMP1983,Employee_1983,Finance,42000
EMP1984,Employee_1984,Sales,43000
EMP1985,Employee_1985,Marketing,44000
EMP1986,Employee_1986,IT,45000
EMP1987,Employee_1987,HR,46000
EMP1988,Employee_1988,Finance,47000
EMP1989,Employee_1989,Sales,48000
EMP1990,Employee_1990,Marketing,49000
EMP1991,Employee_1991,IT,50000
EMP1992,Employee_1992,HR,51000
EMP1993,Employee_1993,Finance,52000
EMP1994,Employee_1994,Sales,53000
EMP1995,Employee_1995,Marketing,54000
EMP1996,Employee_1996,IT,55000
EMP1997,Employee_1997,HR,56000
EMP1998,Employee_1998,Finance,57000
EMP1999,Employee_1999,Sales,58000
EMP2000,Employee_2000,Marketing,59000
EMP2001,Employee_2001,IT,40000
EMP2002,Employee_2002,HR,41000
EMP2003,Employee_2003,Finance,42000
EMP2004,Employee_2004,Sales,43000
EMP2005,Employee_2005,Marketing,44000
EMP2006,Employee_2006,IT,45000
EMP2007,Employee_2007,HR,46000
EMP2008,Employee_2008,Finance,47000
EMP2009,Employee_2009,Sales,48000
EMP2010,Employee_2010,Marketing,49000
EMP2011,Employee_2011,IT,50000
EMP2012,Employee_2012,HR,51000
EMP2013,Employee_2013,Finance,52000
EMP2014,Employee_2014,Sales,53000
EMP2015,Employee_2015,Marketing,54000
EMP2016,Employee_2016,IT,55000
EMP2017,Employee_2017,HR,56000
EMP2018,Employee_2018,Finance,57000
EMP2019,Employee_2019,Sales,58000
EMP2020,Employee_2020,Marketing,59000
EMP2021,Employee_2021,IT,40000
EMP2022,Employee_2022,HR,41000
EMP2023,Employee_2023,Finance,42000
EMP2024,Employee_2024,Sales,43000
EMP2025,Employee_2025,Marketing,44000
EMP2026,Employee_2026,IT,45000
EMP2027,Employee_2027,HR,46000
EMP2028,Employee_2028,Finance,47000
EMP2029,Employee_2029,Sales,48000
EMP2030,Employee_2030,Marketing,49000
EMP2031,Employee_2031,IT,50000
EMP2032,Employee_2032,HR,51000
EMP2033,Employee_2033,Finance,52000
EMP2034,Employee_2034,Sales,53000
EMP2035,Employee_2035,Marketing,54000
EMP2036,Employee_2036,IT,55000
EMP2037,Employee_2037,HR,56000
EMP2038,Employee_2038,Finance,57000
EMP2039,Employee_2039,Sales,58000
EMP2040,Employee_2040,Marketing,59000
EMP2041,Employee_2041,IT,40000
EMP2042,Employee_2042,HR,41000
EMP2043,Employee_2043,Finance,42000
EMP2044,Employee_2044,Sales,43000
EMP2045,Employee_2045,Marketing,44000
EMP2046,Employee_2046,IT,45000
EMP2047,Employee_2047,HR,46000
EMP2048,Employee_2048,Finance,47000
EMP2049,Employee_2049,Sales,48000
EMP2050,Employee_2050,Marketing,49000
EMP2051,Employee_2051,IT,50000
EMP2052,Employee_2052,HR,51000
EMP2053,Employee_2053,Finance,52000
EMP2054,Employee_2054,Sales,53000
EMP2055,Employee_2055,Marketing,54000
EMP2056,Employee_2056,IT,55000
EMP2057,Employee_2057,HR,56000
EMP2058,Employee_2058,Finance,57000
EMP2059,Employee_2059,Sales,58000
EMP2060,Employee_2060,Marketing,59000
EMP2061,Employee_2061,IT,40000
EMP2062,Employee_2062,HR,41000
EMP2063,Employee_2063,Finance,42000
EMP2064,Employee_2064,Sales,43000
EMP2065,Employee_2065,Marketing,44000
EMP2066,Employee_2066,IT,45000
EMP2067,Employee_2067,HR,46000
EMP2068,Employee_2068,Finance,47000
EMP2069,Employee_2069,Sales,48000
EMP2070,Employee_2070,Marketing,49000
EMP2071,Employee_2071,IT,50000
EMP2072,Employee_2072,HR,51000
EMP2073,Employee_2073,Finance,52000
EMP2074,Employee_2074,Sales,53000
EMP2075,Employee_2075,Marketing,54000
EMP2076,Employee_2076,IT,55000
EMP2077,Employee_2077,HR,56000
EMP2078,Employee_2078,Finance,57000
EMP2079,Employee_2079,Sales,58000
EMP2080,Employee_2080,Marketing,59000
EMP2081,Employee_2081,IT,40000
EMP2082,Employee_2082,HR,41000
EMP2083,Employee_2083,Finance,42000
EMP2084,Employee_2084,Sales,43000
EMP2085,Employee_2085,Marketing,44000
EMP2086,Employee_2086,IT,45000
EMP2087,Employee_2087,HR,46000
EMP2088,Employee_2088,Finance,47000
EMP2089,Employee_2089,Sales,48000
EMP2090,Employee_2090,Marketing,49000
EMP2091,Employee_2091,IT,50000
EMP2092,Employee_2092,HR,51000
EMP2093,Employee_2093,Finance,52000
EMP2094,Employee_2094,Sales,53000
EMP2095,Employee_2095,Marketing,54000
EMP2096,Employee_2096,IT,55000
EMP2097,Employee_2097,HR,56000
EMP2098,Employee_2098,Finance,57000
EMP2099,Employee_2099,Sales,58000
EMP2100,Employee_2100,Marketing,59000
EMP2101,Employee_2101,IT,40000
EMP2102,Employee_2102,HR,41000
EMP2103,Employee_2103,Finance,42000
EMP2104,Employee_2104,Sales,43000
EMP2105,Employee_2105,Marketing,44000
EMP2106,Employee_2106,IT,45000
EMP2107,Employee_2107,HR,46000
EMP2108,Employee_2108,Finance,47000
EMP2109,Employee_2109,Sales,48000
EMP2110,Employee_2110,Marketing,49000
EMP2111,Employee_2111,IT,50000
EMP2112,Employee_2112,HR,51000
EMP2113,Employee_2113,Finance,52000
EMP2114,Employee_2114,Sales,53000
EMP2115,Employee_2115,Marketing,54000
EMP2116,Employee_2116,IT,55000
EMP2117,Employee_2117,HR,56000
EMP2118,Employee_2118,Finance,57000
EMP2119,Employee_2119,Sales,58000
EMP2120,Employee_2120,Marketing,59000
EMP2121,Employee_2121,IT,40000
EMP2122,Employee_2122,HR,41000
EMP2123,Employee_2123,Finance,42000
EMP2124,Employee_2124,Sales,43000
EMP2125,Employee_2125,Marketing,44000
EMP2126,Employee_2126,IT,45000
EMP2127,Employee_2127,HR,46000
EMP2128,Employee_2128,Finance,47000
EMP2129,Employee_2129,Sales,48000
EMP2130,Employee_2130,Marketing,49000
EMP2131,Employee_2131,IT,50000
EMP2132,Employee_2132,HR,51000
EMP2133,Employee_2133,Finance,52000
EMP2134,Employee_2134,Sales,53000
EMP2135,Employee_2135,Marketing,54000
EMP2136,Employee_2136,IT,55000
EMP2137,Employee_2137,HR,56000
EMP2138,Employee_2138,Finance,57000
EMP2139,Employee_2139,Sales,58000
EMP2140,Employee_2140,Marketing,59000
EMP2141,Employee_2141,IT,40000
EMP2142,Employee_2142,HR,41000
EMP2143,Employee_2143,Finance,42000
EMP2144,Employee_2144,Sales,43000
EMP2145,Employee_2145,Marketing,44000
EMP2146,Employee_2146,IT,45000
EMP2147,Employee_2147,HR,46000
EMP2148,Employee_2148,Finance,47000
EMP2149,Employee_2149,Sales,48000
EMP2150,Employee_2150,Marketing,49000
EMP2151,Employee_2151,IT,50000
EMP2152,Employee_2152,HR,51000
EMP2153,Employee_2153,Finance,52000
EMP2154,Employee_2154,Sales,53000
EMP2155,Employee_2155,Marketing,54000
EMP2156,Employee_2156,IT,55000
EMP2157,Employee_2157,HR,56000
EMP2158,Employee_2158,Finance,57000
EMP2159,Employee_2159,Sales,58000
EMP2160,Employee_2160,Marketing,59000
EMP2161,Employee_2161,IT,40000
EMP2162,Employee_2162,HR,41000
EMP2163,Employee_2163,Finance,42000
EMP2164,Employee_2164,Sales,43000
EMP2165,Employee_2165,Marketing,44000
EMP2166,Employee_2166,IT,45000
EMP2167,Employee_2167,HR,46000
EMP2168,Employee_2168,Finance,47000
EMP2169,Employee_2169,Sales,48000
EMP2170,Employee_2170,Marketing,49000
EMP2171,Employee_2171,IT,50000
EMP2172,Employee_2172,HR,51000
EMP2173,Employee_2173,Finance,52000
EMP2174,Employee_2174,Sales,53000
EMP2175,Employee_2175,Marketing,54000
EMP2176,Employee_2176,IT,55000
EMP2177,Employee_2177,HR,56000
EMP2178,Employee_2178,Finance,57000
EMP2179,Employee_2179,Sales,58000
EMP2180,Employee_2180,Marketing,59000
EMP2181,Employee_2181,IT,40000
EMP2182,Employee_2182,HR,41000
EMP2183,Employee_2183,Finance,42000
EMP2184,Employee_2184,Sales,43000
EMP2185,Employee_2185,Marketing,44000
EMP2186,Employee_2186,IT,45000
EMP2187,Employee_2187,HR,46000
EMP2188,Employee_2188,Finance,47000
EMP2189,Employee_2189,Sales,48000
EMP2190,Employee_2190,Marketing,49000
EMP2191,Employee_2191,IT,50000
EMP2192,Employee_2192,HR,51000
EMP2193,Employee_2193,Finance,52000
EMP2194,Employee_2194,Sales,53000
EMP2195,Employee_2195,Marketing,54000
EMP2196,Employee_2196,IT,55000
EMP2197,Employee_2197,HR,56000
EMP2198,Employee_2198,Finance,57000
EMP2199,Employee_2199,Sales,58000
EMP2200,Employee_2200,Marketing,59000
EMP2201,Employee_2201,IT,40000
EMP2202,Employee_2202,HR,41000
EMP2203,Employee_2203,Finance,42000
EMP2204,Employee_2204,Sales,43000
EMP2205,Employee_2205,Marketing,44000
EMP2206,Employee_2206,IT,45000
EMP2207,Employee_2207,HR,46000
EMP2208,Employee_2208,Finance,47000
EMP2209,Employee_2209,Sales,48000
EMP2210,Employee_2210,Marketing,49000
EMP2211,Employee_2211,IT,50000
EMP2212,Employee_2212,HR,51000
EMP2213,Employee_2213,Finance,52000
EMP2214,Employee_2214,Sales,53000
EMP2215,Employee_2215,Marketing,54000
EMP2216,Employee_2216,IT,55000
EMP2217,Employee_2217,HR,56000
EMP2218,Employee_2218,Finance,57000
EMP2219,Employee_2219,Sales,58000
EMP2220,Employee_2220,Marketing,59000
EMP2221,Employee_2221,IT,40000
EMP2222,Employee_2222,HR,41000
EMP2223,Employee_2223,Finance,42000
EMP2224,Employee_2224,Sales,43000
EMP2225,Employee_2225,Marketing,44000
EMP2226,Employee_2226,IT,45000
EMP2227,Employee_2227,HR,46000
EMP2228,Employee_2228,Finance,47000
EMP2229,Employee_2229,Sales,48000
EMP2230,Employee_2230,Marketing,49000
EMP2231,Employee_2231,IT,50000
EMP2232,Employee_2232,HR,51000
EMP2233,Employee_2233,Finance,52000
EMP2234,Employee_2234,Sales,53000
EMP2235,Employee_2235,Marketing,54000
EMP2236,Employee_2236,IT,55000
EMP2237,Employee_2237,HR,56000
EMP2238,Employee_2238,Finance,57000
EMP2239,Employee_2239,Sales,58000
EMP2240,Employee_2240,Marketing,59000
EMP2241,Employee_2241,IT,40000
EMP2242,Employee_2242,HR,41000
EMP2243,Employee_2243,Finance,42000
EMP2244,Employee_2244,Sales,43000
EMP2245,Employee_2245,Marketing,44000
EMP2246,Employee_2246,IT,45000
EMP2247,Employee_2247,HR,46000
EMP2248,Employee_2248,Finance,47000
EMP2249,Employee_2249,Sales,48000
EMP2250,Employee_2250,Marketing,49000
EMP2251,Employee_2251,IT,50000
EMP2252,Employee_2252,HR,51000
EMP2253,Employee_2253,Finance,52000
EMP2254,Employee_2254,Sales,53000
EMP2255,Employee_2255,Marketing,54000
EMP2256,Employee_2256,IT,55000
EMP2257,Employee_2257,HR,56000
EMP2258,Employee_2258,Finance,57000
EMP2259,Employee_2259,Sales,58000
EMP2260,Employee_2260,Marketing,59000
EMP2261,Employee_2261,IT,40000
EMP2262,Employee_2262,HR,41000
EMP2263,Employee_2263,Finance,42000
EMP2264,Employee_2264,Sales,43000
EMP2265,Employee_2265,Marketing,44000
EMP2266,Employee_2266,IT,45000
EMP2267,Employee_2267,HR,46000
EMP2268,Employee_2268,Finance,47000
EMP2269,Employee_2269,Sales,48000
EMP2270,Employee_2270,Marketing,49000
EMP2271,Employee_2271,IT,50000
EMP2272,Employee_2272,HR,51000
EMP2273,Employee_2273,Finance,52000
EMP2274,Employee_2274,Sales,53000
EMP2275,Employee_2275,Marketing,54000
EMP2276,Employee_2276,IT,55000
EMP2277,Employee_2277,HR,56000
EMP2278,Employee_2278,Finance,57000
EMP2279,Employee_2279,Sales,58000
EMP2280,Employee_2280,Marketing,59000
EMP2281,Employee_2281,IT,40000
EMP2282,Employee_2282,HR,41000
EMP2283,Employee_2283,Finance,42000
EMP2284,Employee_2284,Sales,43000
EMP2285,Employee_2285,Marketing,44000
EMP2286,Employee_2286,IT,45000
EMP2287,Employee_2287,HR,46000
EMP2288,Employee_2288,Finance,47000
EMP2289,Employee_2289,Sales,48000
EMP2290,Employee_2290,Marketing,49000
EMP2291,Employee_2291,IT,50000
EMP2292,Employee_2292,HR,51000
EMP2293,Employee_2293,Finance,52000
EMP2294,Employee_2294,Sales,53000
EMP2295,Employee_2295,Marketing,54000
EMP2296,Employee_2296,IT,55000
EMP2297,Employee_2297,HR,56000
EMP2298,Employee_2298,Finance,57000
EMP2299,Employee_2299,Sales,58000
EMP2300,Employee_2300,Marketing,59000
EMP2301,Employee_2301,IT,40000
EMP2302,Employee_2302,HR,41000
EMP2303,Employee_2303,Finance,42000
EMP2304,Employee_2304,Sales,43000
EMP2305,Employee_2305,Marketing,44000
EMP2306,Employee_2306,IT,45000
EMP2307,Employee_2307,HR,46000
EMP2308,Employee_2308,Finance,47000
EMP2309,Employee_2309,Sales,48000
EMP2310,Employee_2310,Marketing,49000
EMP2311,Employee_2311,IT,50000
EMP2312,Employee_2312,HR,51000
EMP2313,Employee_2313,Finance,52000
EMP2314,Employee_2314,Sales,53000
EMP2315,Employee_2315,Marketing,54000
EMP2316,Employee_2316,IT,55000
EMP2317,Employee_2317,HR,56000
EMP2318,Employee_2318,Finance,57000
EMP2319,Employee_2319,Sales,58000
EMP2320,Employee_2320,Marketing,59000
EMP2321,Employee_2321,IT,40000
EMP2322,Employee_2322,HR,41000
EMP2323,Employee_2323,Finance,42000
EMP2324,Employee_2324,Sales,43000
EMP2325,Employee_2325,Marketing,44000
EMP2326,Employee_2326,IT,45000
EMP2327,Employee_2327,HR,46000
EMP2328,Employee_2328,Finance,47000
EMP2329,Employee_2329,Sales,48000
EMP2330,Employee_2330,Marketing,49000
EMP2331,Employee_2331,IT,50000
EMP2332,Employee_2332,HR,51000
EMP2333,Employee_2333,Finance,52000
EMP2334,Employee_2334,Sales,53000
EMP2335,Employee_2335,Marketing,54000
EMP2336,Employee_2336,IT,55000
EMP2337,Employee_2337,HR,56000
EMP2338,Employee_2338,Finance,57000
EMP2339,Employee_2339,Sales,58000
EMP2340,Employee_2340,Marketing,59000
EMP2341,Employee_2341,IT,40000
EMP2342,Employee_2342,HR,41000
EMP2343,Employee_2343,Finance,42000
EMP2344,Employee_2344,Sales,43000
EMP2345,Employee_2345,Marketing,44000
EMP2346,Employee_2346,IT,45000
EMP2347,Employee_2347,HR,46000
EMP2348,Employee_2348,Finance,47000
EMP2349,Employee_2349,Sales,48000
EMP2350,Employee_2350,Marketing,49000
EMP2351,Employee_2351,IT,50000
EMP2352,Employee_2352,HR,51000
EMP2353,Employee_2353,Finance,52000
EMP2354,Employee_2354,Sales,53000
EMP2355,Employee_2355,Marketing,54000
EMP2356,Employee_2356,IT,55000
EMP2357,Employee_2357,HR,56000
EMP2358,Employee_2358,Finance,57000
EMP2359,Employee_2359,Sales,58000
EMP2360,Employee_2360,Marketing,59000
EMP2361,Employee_2361,IT,40000
EMP2362,Employee_2362,HR,41000
EMP2363,Employee_2363,Finance,42000
EMP2364,Employee_2364,Sales,43000
EMP2365,Employee_2365,Marketing,44000
EMP2366,Employee_2366,IT,45000
EMP2367,Employee_2367,HR,46000
EMP2368,Employee_2368,Finance,47000
EMP2369,Employee_2369,Sales,48000
EMP2370,Employee_2370,Marketing,49000
EMP2371,Employee_2371,IT,50000
EMP2372,Employee_2372,HR,51000
EMP2373,Employee_2373,Finance,52000
EMP2374,Employee_2374,Sales,53000
EMP2375,Employee_2375,Marketing,54000
EMP2376,Employee_2376,IT,55000
EMP2377,Employee_2377,HR,56000
EMP2378,Employee_2378,Finance,57000
EMP2379,Employee_2379,Sales,58000
EMP2380,Employee_2380,Marketing,59000
EMP2381,Employee_2381,IT,40000
EMP2382,Employee_2382,HR,41000
EMP2383,Employee_2383,Finance,42000
EMP2384,Employee_2384,Sales,43000
EMP2385,Employee_2385,Marketing,44000
EMP2386,Employee_2386,IT,45000
EMP2387,Employee_2387,HR,46000
EMP2388,Employee_2388,Finance,47000
EMP2389,Employee_2389,Sales,48000
EMP2390,Employee_2390,Marketing,49000
EMP2391,Employee_2391,IT,50000
EMP2392,Employee_2392,HR,51000
EMP2393,Employee_2393,Finance,52000
EMP2394,Employee_2394,Sales,53000
EMP2395,Employee_2395,Marketing,54000
EMP2396,Employee_2396,IT,55000
EMP2397,Employee_2397,HR,56000
EMP2398,Employee_2398,Finance,57000
EMP2399,Employee_2399,Sales,58000
EMP2400,Employee_2400,Marketing,59000
EMP2401,Employee_2401,IT,40000
EMP2402,Employee_2402,HR,41000
EMP2403,Employee_2403,Finance,42000
EMP2404,Employee_2404,Sales,43000
EMP2405,Employee_2405,Marketing,44000
EMP2406,Employee_2406,IT,45000
EMP2407,Employee_2407,HR,46000
EMP2408,Employee_2408,Finance,47000
EMP2409,Employee_2409,Sales,48000
EMP2410,Employee_2410,Marketing,49000
EMP2411,Employee_2411,IT,50000
EMP2412,Employee_2412,HR,51000
EMP2413,Employee_2413,Finance,52000
EMP2414,Employee_2414,Sales,53000
EMP2415,Employee_2415,Marketing,54000
EMP2416,Employee_2416,IT,55000
EMP2417,Employee_2417,HR,56000
EMP2418,Employee_2418,Finance,57000
EMP2419,Employee_2419,Sales,58000
EMP2420,Employee_2420,Marketing,59000
EMP2421,Employee_2421,IT,40000
EMP2422,Employee_2422,HR,41000
EMP2423,Employee_2423,Finance,42000
EMP2424,Employee_2424,Sales,43000
EMP2425,Employee_2425,Marketing,44000
EMP2426,Employee_2426,IT,45000
EMP2427,Employee_2427,HR,46000
EMP2428,Employee_2428,Finance,47000
EMP2429,Employee_2429,Sales,48000
EMP2430,Employee_2430,Marketing,49000
EMP2431,Employee_2431,IT,50000
EMP2432,Employee_2432,HR,51000
EMP2433,Employee_2433,Finance,52000
EMP2434,Employee_2434,Sales,53000
EMP2435,Employee_2435,Marketing,54000
EMP2436,Employee_2436,IT,55000
EMP2437,Employee_2437,HR,56000
EMP2438,Employee_2438,Finance,57000
EMP2439,Employee_2439,Sales,58000
EMP2440,Employee_2440,Marketing,59000
EMP2441,Employee_2441,IT,40000
EMP2442,Employee_2442,HR,41000
EMP2443,Employee_2443,Finance,42000
EMP2444,Employee_2444,Sales,43000
EMP2445,Employee_2445,Marketing,44000
EMP2446,Employee_2446,IT,45000
EMP2447,Employee_2447,HR,46000
EMP2448,Employee_2448,Finance,47000
EMP2449,Employee_2449,Sales,48000
EMP2450,Employee_2450,Marketing,49000
EMP2451,Employee_2451,IT,50000
EMP2452,Employee_2452,HR,51000
EMP2453,Employee_2453,Finance,52000
EMP2454,Employee_2454,Sales,53000
EMP2455,Employee_2455,Marketing,54000
EMP2456,Employee_2456,IT,55000
EMP2457,Employee_2457,HR,56000
EMP2458,Employee_2458,Finance,57000
EMP2459,Employee_2459,Sales,58000
EMP2460,Employee_2460,Marketing,59000
EMP2461,Employee_2461,IT,40000
EMP2462,Employee_2462,HR,41000
EMP2463,Employee_2463,Finance,42000
EMP2464,Employee_2464,Sales,43000
EMP2465,Employee_2465,Marketing,44000
EMP2466,Employee_2466,IT,45000
EMP2467,Employee_2467,HR,46000
EMP2468,Employee_2468,Finance,47000
EMP2469,Employee_2469,Sales,48000
EMP2470,Employee_2470,Marketing,49000
EMP2471,Employee_2471,IT,50000
EMP2472,Employee_2472,HR,51000
EMP2473,Employee_2473,Finance,52000
EMP2474,Employee_2474,Sales,53000
EMP2475,Employee_2475,Marketing,54000
EMP2476,Employee_2476,IT,55000
EMP2477,Employee_2477,HR,56000
EMP2478,Employee_2478,Finance,57000
EMP2479,Employee_2479,Sales,58000
EMP2480,Employee_2480,Marketing,59000
EMP2481,Employee_2481,IT,40000
EMP2482,Employee_2482,HR,41000
EMP2483,Employee_2483,Finance,42000
EMP2484,Employee_2484,Sales,43000
EMP2485,Employee_2485,Marketing,44000
EMP2486,Employee_2486,IT,45000
EMP2487,Employee_2487,HR,46000
EMP2488,Employee_2488,Finance,47000
EMP2489,Employee_2489,Sales,48000
EMP2490,Employee_2490,Marketing,49000
EMP2491,Employee_2491,IT,50000
EMP2492,Employee_2492,HR,51000
EMP2493,Employee_2493,Finance,52000
EMP2494,Employee_2494,Sales,53000
EMP2495,Employee_2495,Marketing,54000
EMP2496,Employee_2496,IT,55000
EMP2497,Employee_2497,HR,56000
EMP2498,Employee_2498,Finance,57000
EMP2499,Employee_2499,Sales,58000
EMP2500,Employee_2500,Marketing,59000
EMP2501,Employee_2501,IT,40000
EMP2502,Employee_2502,HR,41000
EMP2503,Employee_2503,Finance,42000
EMP2504,Employee_2504,Sales,43000
EMP2505,Employee_2505,Marketing,44000
EMP2506,Employee_2506,IT,45000
EMP2507,Employee_2507,HR,46000
EMP2508,Employee_2508,Finance,47000
EMP2509,Employee_2509,Sales,48000
EMP2510,Employee_2510,Marketing,49000
EMP2511,Employee_2511,IT,50000
EMP2512,Employee_2512,HR,51000
EMP2513,Employee_2513,Finance,52000
EMP2514,Employee_2514,Sales,53000
EMP2515,Employee_2515,Marketing,54000
EMP2516,Employee_2516,IT,55000
EMP2517,Employee_2517,HR,56000
EMP2518,Employee_2518,Finance,57000
EMP2519,Employee_2519,Sales,58000
EMP2520,Employee_2520,Marketing,59000
EMP2521,Employee_2521,IT,40000
EMP2522,Employee_2522,HR,41000
EMP2523,Employee_2523,Finance,42000
EMP2524,Employee_2524,Sales,43000
EMP2525,Employee_2525,Marketing,44000
EMP2526,Employee_2526,IT,45000
EMP2527,Employee_2527,HR,46000
EMP2528,Employee_2528,Finance,47000
EMP2529,Employee_2529,Sales,48000
EMP2530,Employee_2530,Marketing,49000
EMP2531,Employee_2531,IT,50000
EMP2532,Employee_2532,HR,51000
EMP2533,Employee_2533,Finance,52000
EMP2534,Employee_2534,Sales,53000
EMP2535,Employee_2535,Marketing,54000
EMP2536,Employee_2536,IT,55000
EMP2537,Employee_2537,HR,56000
EMP2538,Employee_2538,Finance,57000
EMP2539,Employee_2539,Sales,58000
EMP2540,Employee_2540,Marketing,59000
EMP2541,Employee_2541,IT,40000
EMP2542,Employee_2542,HR,41000
EMP2543,Employee_2543,Finance,42000
EMP2544,Employee_2544,Sales,43000
EMP2545,Employee_2545,Marketing,44000
EMP2546,Employee_2546,IT,45000
EMP2547,Employee_2547,HR,46000
EMP2548,Employee_2548,Finance,47000
EMP2549,Employee_2549,Sales,48000
EMP2550,Employee_2550,Marketing,49000
EMP2551,Employee_2551,IT,50000
EMP2552,Employee_2552,HR,51000
EMP2553,Employee_2553,Finance,52000
EMP2554,Employee_2554,Sales,53000
EMP2555,Employee_2555,Marketing,54000
EMP2556,Employee_2556,IT,55000
EMP2557,Employee_2557,HR,56000
EMP2558,Employee_2558,Finance,57000
EMP2559,Employee_2559,Sales,58000
EMP2560,Employee_2560,Marketing,59000
EMP2561,Employee_2561,IT,40000
EMP2562,Employee_2562,HR,41000
EMP2563,Employee_2563,Finance,42000
EMP2564,Employee_2564,Sales,43000
EMP2565,Employee_2565,Marketing,44000
EMP2566,Employee_2566,IT,45000
EMP2567,Employee_2567,HR,46000
EMP2568,Employee_2568,Finance,47000
EMP2569,Employee_2569,Sales,48000
EMP2570,Employee_2570,Marketing,49000
EMP2571,Employee_2571,IT,50000
EMP2572,Employee_2572,HR,51000
EMP2573,Employee_2573,Finance,52000
EMP2574,Employee_2574,Sales,53000
EMP2575,Employee_2575,Marketing,54000
EMP2576,Employee_2576,IT,55000
EMP2577,Employee_2577,HR,56000
EMP2578,Employee_2578,Finance,57000
EMP2579,Employee_2579,Sales,58000
EMP2580,Employee_2580,Marketing,59000
EMP2581,Employee_2581,IT,40000
EMP2582,Employee_2582,HR,41000
EMP2583,Employee_2583,Finance,42000
EMP2584,Employee_2584,Sales,43000
EMP2585,Employee_2585,Marketing,44000
EMP2586,Employee_2586,IT,45000
EMP2587,Employee_2587,HR,46000
EMP2588,Employee_2588,Finance,47000
EMP2589,Employee_2589,Sales,48000
EMP2590,Employee_2590,Marketing,49000
EMP2591,Employee_2591,IT,50000
EMP2592,Employee_2592,HR,51000
EMP2593,Employee_2593,Finance,52000
EMP2594,Employee_2594,Sales,53000
EMP2595,Employee_2595,Marketing,54000
EMP2596,Employee_2596,IT,55000
EMP2597,Employee_2597,HR,56000
EMP2598,Employee_2598,Finance,57000
EMP2599,Employee_2599,Sales,58000
EMP2600,Employee_2600,Marketing,59000
EMP2601,Employee_2601,IT,40000
EMP2602,Employee_2602,HR,41000
EMP2603,Employee_2603,Finance,42000
EMP2604,Employee_2604,Sales,43000
EMP2605,Employee_2605,Marketing,44000
EMP2606,Employee_2606,IT,45000
EMP2607,Employee_2607,HR,46000
EMP2608,Employee_2608,Finance,47000
EMP2609,Employee_2609,Sales,48000
EMP2610,Employee_2610,Marketing,49000
EMP2611,Employee_2611,IT,50000
EMP2612,Employee_2612,HR,51000
EMP2613,Employee_2613,Finance,52000
EMP2614,Employee_2614,Sales,53000
EMP2615,Employee_2615,Marketing,54000
EMP2616,Employee_2616,IT,55000
EMP2617,Employee_2617,HR,56000
EMP2618,Employee_2618,Finance,57000
EMP2619,Employee_2619,Sales,58000
EMP2620,Employee_2620,Marketing,59000
EMP2621,Employee_2621,IT,40000
EMP2622,Employee_2622,HR,41000
EMP2623,Employee_2623,Finance,42000
EMP2624,Employee_2624,Sales,43000
EMP2625,Employee_2625,Marketing,44000
EMP2626,Employee_2626,IT,45000
EMP2627,Employee_2627,HR,46000
EMP2628,Employee_2628,Finance,47000
EMP2629,Employee_2629,Sales,48000
EMP2630,Employee_2630,Marketing,49000
EMP2631,Employee_2631,IT,50000
EMP2632,Employee_2632,HR,51000
EMP2633,Employee_2633,Finance,52000
EMP2634,Employee_2634,Sales,53000
EMP2635,Employee_2635,Marketing,54000
EMP2636,Employee_2636,IT,55000
EMP2637,Employee_2637,HR,56000
EMP2638,Employee_2638,Finance,57000
EMP2639,Employee_2639,Sales,58000
EMP2640,Employee_2640,Marketing,59000
EMP2641,Employee_2641,IT,40000
EMP2642,Employee_2642,HR,41000
EMP2643,Employee_2643,Finance,42000
EMP2644,Employee_2644,Sales,43000
EMP2645,Employee_2645,Marketing,44000
EMP2646,Employee_2646,IT,45000
EMP2647,Employee_2647,HR,46000
EMP2648,Employee_2648,Finance,47000
EMP2649,Employee_2649,Sales,48000
EMP2650,Employee_2650,Marketing,49000
EMP2651,Employee_2651,IT,50000
EMP2652,Employee_2652,HR,51000
EMP2653,Employee_2653,Finance,52000
EMP2654,Employee_2654,Sales,53000
EMP2655,Employee_2655,Marketing,54000
EMP2656,Employee_2656,IT,55000
EMP2657,Employee_2657,HR,56000
EMP2658,Employee_2658,Finance,57000
EMP2659,Employee_2659,Sales,58000
EMP2660,Employee_2660,Marketing,59000
EMP2661,Employee_2661,IT,40000
EMP2662,Employee_2662,HR,41000
EMP2663,Employee_2663,Finance,42000
EMP2664,Employee_2664,Sales,43000
EMP2665,Employee_2665,Marketing,44000
EMP2666,Employee_2666,IT,45000
EMP2667,Employee_2667,HR,46000
EMP2668,Employee_2668,Finance,47000
EMP2669,Employee_2669,Sales,48000
EMP2670,Employee_2670,Marketing,49000
EMP2671,Employee_2671,IT,50000
EMP2672,Employee_2672,HR,51000
EMP2673,Employee_2673,Finance,52000
EMP2674,Employee_2674,Sales,53000
EMP2675,Employee_2675,Marketing,54000
EMP2676,Employee_2676,IT,55000
EMP2677,Employee_2677,HR,56000
EMP2678,Employee_2678,Finance,57000
EMP2679,Employee_2679,Sales,58000
EMP2680,Employee_2680,Marketing,59000
EMP2681,Employee_2681,IT,40000
EMP2682,Employee_2682,HR,41000
EMP2683,Employee_2683,Finance,42000
EMP2684,Employee_2684,Sales,43000
EMP2685,Employee_2685,Marketing,44000
EMP2686,Employee_2686,IT,45000
EMP2687,Employee_2687,HR,46000
EMP2688,Employee_2688,Finance,47000
EMP2689,Employee_2689,Sales,48000
EMP2690,Employee_2690,Marketing,49000
EMP2691,Employee_2691,IT,50000
EMP2692,Employee_2692,HR,51000
EMP2693,Employee_2693,Finance,52000
EMP2694,Employee_2694,Sales,53000
EMP2695,Employee_2695,Marketing,54000
EMP2696,Employee_2696,IT,55000
EMP2697,Employee_2697,HR,56000
EMP2698,Employee_2698,Finance,57000
EMP2699,Employee_2699,Sales,58000
EMP2700,Employee_2700,Marketing,59000
EMP2701,Employee_2701,IT,40000
EMP2702,Employee_2702,HR,41000
EMP2703,Employee_2703,Finance,42000
EMP2704,Employee_2704,Sales,43000
EMP2705,Employee_2705,Marketing,44000
EMP2706,Employee_2706,IT,45000
EMP2707,Employee_2707,HR,46000
EMP2708,Employee_2708,Finance,47000
EMP2709,Employee_2709,Sales,48000
EMP2710,Employee_2710,Marketing,49000
EMP2711,Employee_2711,IT,50000
EMP2712,Employee_2712,HR,51000
EMP2713,Employee_2713,Finance,52000
EMP2714,Employee_2714,Sales,53000
EMP2715,Employee_2715,Marketing,54000
EMP2716,Employee_2716,IT,55000
EMP2717,Employee_2717,HR,56000
EMP2718,Employee_2718,Finance,57000
EMP2719,Employee_2719,Sales,58000
EMP2720,Employee_2720,Marketing,59000
EMP2721,Employee_2721,IT,40000
EMP2722,Employee_2722,HR,41000
EMP2723,Employee_2723,Finance,42000
EMP2724,Employee_2724,Sales,43000
EMP2725,Employee_2725,Marketing,44000
EMP2726,Employee_2726,IT,45000
EMP2727,Employee_2727,HR,46000
EMP2728,Employee_2728,Finance,47000
EMP2729,Employee_2729,Sales,48000
EMP2730,Employee_2730,Marketing,49000
EMP2731,Employee_2731,IT,50000
EMP2732,Employee_2732,HR,51000
EMP2733,Employee_2733,Finance,52000
EMP2734,Employee_2734,Sales,53000
EMP2735,Employee_2735,Marketing,54000
EMP2736,Employee_2736,IT,55000
EMP2737,Employee_2737,HR,56000
EMP2738,Employee_2738,Finance,57000
EMP2739,Employee_2739,Sales,58000
EMP2740,Employee_2740,Marketing,59000
EMP2741,Employee_2741,IT,40000
EMP2742,Employee_2742,HR,41000
EMP2743,Employee_2743,Finance,42000
EMP2744,Employee_2744,Sales,43000
EMP2745,Employee_2745,Marketing,44000
EMP2746,Employee_2746,IT,45000
EMP2747,Employee_2747,HR,46000
EMP2748,Employee_2748,Finance,47000
EMP2749,Employee_2749,Sales,48000
EMP2750,Employee_2750,Marketing,49000
EMP2751,Employee_2751,IT,50000
EMP2752,Employee_2752,HR,51000
EMP2753,Employee_2753,Finance,52000
EMP2754,Employee_2754,Sales,53000
EMP2755,Employee_2755,Marketing,54000
EMP2756,Employee_2756,IT,55000
EMP2757,Employee_2757,HR,56000
EMP2758,Employee_2758,Finance,57000
EMP2759,Employee_2759,Sales,58000
EMP2760,Employee_2760,Marketing,59000
EMP2761,Employee_2761,IT,40000
EMP2762,Employee_2762,HR,41000
EMP2763,Employee_2763,Finance,42000
EMP2764,Employee_2764,Sales,43000
EMP2765,Employee_2765,Marketing,44000
EMP2766,Employee_2766,IT,45000
EMP2767,Employee_2767,HR,46000
EMP2768,Employee_2768,Finance,47000
EMP2769,Employee_2769,Sales,48000
EMP2770,Employee_2770,Marketing,49000
EMP2771,Employee_2771,IT,50000
EMP2772,Employee_2772,HR,51000
EMP2773,Employee_2773,Finance,52000
EMP2774,Employee_2774,Sales,53000
EMP2775,Employee_2775,Marketing,54000
EMP2776,Employee_2776,IT,55000
EMP2777,Employee_2777,HR,56000
EMP2778,Employee_2778,Finance,57000
EMP2779,Employee_2779,Sales,58000
EMP2780,Employee_2780,Marketing,59000
EMP2781,Employee_2781,IT,40000
EMP2782,Employee_2782,HR,41000
EMP2783,Employee_2783,Finance,42000
EMP2784,Employee_2784,Sales,43000
EMP2785,Employee_2785,Marketing,44000
EMP2786,Employee_2786,IT,45000
EMP2787,Employee_2787,HR,46000
EMP2788,Employee_2788,Finance,47000
EMP2789,Employee_2789,Sales,48000
EMP2790,Employee_2790,Marketing,49000
EMP2791,Employee_2791,IT,50000
EMP2792,Employee_2792,HR,51000
EMP2793,Employee_2793,Finance,52000
EMP2794,Employee_2794,Sales,53000
EMP2795,Employee_2795,Marketing,54000
EMP2796,Employee_2796,IT,55000
EMP2797,Employee_2797,HR,56000
EMP2798,Employee_2798,Finance,57000
EMP2799,Employee_2799,Sales,58000
EMP2800,Employee_2800,Marketing,59000
EMP2801,Employee_2801,IT,40000
EMP2802,Employee_2802,HR,41000
EMP2803,Employee_2803,Finance,42000
EMP2804,Employee_2804,Sales,43000
EMP2805,Employee_2805,Marketing,44000
EMP2806,Employee_2806,IT,45000
EMP2807,Employee_2807,HR,46000
EMP2808,Employee_2808,Finance,47000
EMP2809,Employee_2809,Sales,48000
EMP2810,Employee_2810,Marketing,49000
EMP2811,Employee_2811,IT,50000
EMP2812,Employee_2812,HR,51000
EMP2813,Employee_2813,Finance,52000
EMP2814,Employee_2814,Sales,53000
EMP2815,Employee_2815,Marketing,54000
EMP2816,Employee_2816,IT,55000
EMP2817,Employee_2817,HR,56000
EMP2818,Employee_2818,Finance,57000
EMP2819,Employee_2819,Sales,58000
EMP2820,Employee_2820,Marketing,59000
EMP2821,Employee_2821,IT,40000
EMP2822,Employee_2822,HR,41000
EMP2823,Employee_2823,Finance,42000
EMP2824,Employee_2824,Sales,43000
EMP2825,Employee_2825,Marketing,44000
EMP2826,Employee_2826,IT,45000
EMP2827,Employee_2827,HR,46000
EMP2828,Employee_2828,Finance,47000
EMP2829,Employee_2829,Sales,48000
EMP2830,Employee_2830,Marketing,49000
EMP2831,Employee_2831,IT,50000
EMP2832,Employee_2832,HR,51000
EMP2833,Employee_2833,Finance,52000
EMP2834,Employee_2834,Sales,53000
EMP2835,Employee_2835,Marketing,54000
EMP2836,Employee_2836,IT,55000
EMP2837,Employee_2837,HR,56000
EMP2838,Employee_2838,Finance,57000
EMP2839,Employee_2839,Sales,58000
EMP2840,Employee_2840,Marketing,59000
EMP2841,Employee_2841,IT,40000
EMP2842,Employee_2842,HR,41000
EMP2843,Employee_2843,Finance,42000
EMP2844,Employee_2844,Sales,43000
EMP2845,Employee_2845,Marketing,44000
EMP2846,Employee_2846,IT,45000
EMP2847,Employee_2847,HR,46000
EMP2848,Employee_2848,Finance,47000
EMP2849,Employee_2849,Sales,48000
EMP2850,Employee_2850,Marketing,49000
EMP2851,Employee_2851,IT,50000
EMP2852,Employee_2852,HR,51000
EMP2853,Employee_2853,Finance,52000
EMP2854,Employee_2854,Sales,53000
EMP2855,Employee_2855,Marketing,54000
EMP2856,Employee_2856,IT,55000
EMP2857,Employee_2857,HR,56000
EMP2858,Employee_2858,Finance,57000
EMP2859,Employee_2859,Sales,58000
EMP2860,Employee_2860,Marketing,59000
EMP2861,Employee_2861,IT,40000
EMP2862,Employee_2862,HR,41000
EMP2863,Employee_2863,Finance,42000
EMP2864,Employee_2864,Sales,43000
EMP2865,Employee_2865,Marketing,44000
EMP2866,Employee_2866,IT,45000
EMP2867,Employee_2867,HR,46000
EMP2868,Employee_2868,Finance,47000
EMP2869,Employee_2869,Sales,48000
EMP2870,Employee_2870,Marketing,49000
EMP2871,Employee_2871,IT,50000
EMP2872,Employee_2872,HR,51000
EMP2873,Employee_2873,Finance,52000
EMP2874,Employee_2874,Sales,53000
EMP2875,Employee_2875,Marketing,54000
EMP2876,Employee_2876,IT,55000
EMP2877,Employee_2877,HR,56000
EMP2878,Employee_2878,Finance,57000
EMP2879,Employee_2879,Sales,58000
EMP2880,Employee_2880,Marketing,59000
EMP2881,Employee_2881,IT,40000
EMP2882,Employee_2882,HR,41000
EMP2883,Employee_2883,Finance,42000
EMP2884,Employee_2884,Sales,43000
EMP2885,Employee_2885,Marketing,44000
EMP2886,Employee_2886,IT,45000
EMP2887,Employee_2887,HR,46000
EMP2888,Employee_2888,Finance,47000
EMP2889,Employee_2889,Sales,48000
EMP2890,Employee_2890,Marketing,49000
EMP2891,Employee_2891,IT,50000
EMP2892,Employee_2892,HR,51000
EMP2893,Employee_2893,Finance,52000
EMP2894,Employee_2894,Sales,53000
EMP2895,Employee_2895,Marketing,54000
EMP2896,Employee_2896,IT,55000
EMP2897,Employee_2897,HR,56000
EMP2898,Employee_2898,Finance,57000
EMP2899,Employee_2899,Sales,58000
EMP2900,Employee_2900,Marketing,59000
EMP2901,Employee_2901,IT,40000
EMP2902,Employee_2902,HR,41000
EMP2903,Employee_2903,Finance,42000
EMP2904,Employee_2904,Sales,43000
EMP2905,Employee_2905,Marketing,44000
EMP2906,Employee_2906,IT,45000
EMP2907,Employee_2907,HR,46000
EMP2908,Employee_2908,Finance,47000
EMP2909,Employee_2909,Sales,48000
EMP2910,Employee_2910,Marketing,49000
EMP2911,Employee_2911,IT,50000
EMP2912,Employee_2912,HR,51000
EMP2913,Employee_2913,Finance,52000
EMP2914,Employee_2914,Sales,53000
EMP2915,Employee_2915,Marketing,54000
EMP2916,Employee_2916,IT,55000
EMP2917,Employee_2917,HR,56000
EMP2918,Employee_2918,Finance,57000
EMP2919,Employee_2919,Sales,58000
EMP2920,Employee_2920,Marketing,59000
EMP2921,Employee_2921,IT,40000
EMP2922,Employee_2922,HR,41000
EMP2923,Employee_2923,Finance,42000
EMP2924,Employee_2924,Sales,43000
EMP2925,Employee_2925,Marketing,44000
EMP2926,Employee_2926,IT,45000
EMP2927,Employee_2927,HR,46000
EMP2928,Employee_2928,Finance,47000
EMP2929,Employee_2929,Sales,48000
EMP2930,Employee_2930,Marketing,49000
EMP2931,Employee_2931,IT,50000
EMP2932,Employee_2932,HR,51000
EMP2933,Employee_2933,Finance,52000
EMP2934,Employee_2934,Sales,53000
EMP2935,Employee_2935,Marketing,54000
EMP2936,Employee_2936,IT,55000
EMP2937,Employee_2937,HR,56000
EMP2938,Employee_2938,Finance,57000
EMP2939,Employee_2939,Sales,58000
EMP2940,Employee_2940,Marketing,59000
EMP2941,Employee_2941,IT,40000
EMP2942,Employee_2942,HR,41000
EMP2943,Employee_2943,Finance,42000
EMP2944,Employee_2944,Sales,43000
EMP2945,Employee_2945,Marketing,44000
EMP2946,Employee_2946,IT,45000
EMP2947,Employee_2947,HR,46000
EMP2948,Employee_2948,Finance,47000
EMP2949,Employee_2949,Sales,48000
EMP2950,Employee_2950,Marketing,49000
EMP2951,Employee_2951,IT,50000
EMP2952,Employee_2952,HR,51000
EMP2953,Employee_2953,Finance,52000
EMP2954,Employee_2954,Sales,53000
EMP2955,Employee_2955,Marketing,54000
EMP2956,Employee_2956,IT,55000
EMP2957,Employee_2957,HR,56000
EMP2958,Employee_2958,Finance,57000
EMP2959,Employee_2959,Sales,58000
EMP2960,Employee_2960,Marketing,59000
EMP2961,Employee_2961,IT,40000
EMP2962,Employee_2962,HR,41000
EMP2963,Employee_2963,Finance,42000
EMP2964,Employee_2964,Sales,43000
EMP2965,Employee_2965,Marketing,44000
EMP2966,Employee_2966,IT,45000
EMP2967,Employee_2967,HR,46000
EMP2968,Employee_2968,Finance,47000
EMP2969,Employee_2969,Sales,48000
EMP2970,Employee_2970,Marketing,49000
EMP2971,Employee_2971,IT,50000
EMP2972,Employee_2972,HR,51000
EMP2973,Employee_2973,Finance,52000
EMP2974,Employee_2974,Sales,53000
EMP2975,Employee_2975,Marketing,54000
EMP2976,Employee_2976,IT,55000
EMP2977,Employee_2977,HR,56000
EMP2978,Employee_2978,Finance,57000
EMP2979,Employee_2979,Sales,58000
EMP2980,Employee_2980,Marketing,59000
EMP2981,Employee_2981,IT,40000
EMP2982,Employee_2982,HR,41000
EMP2983,Employee_2983,Finance,42000
EMP2984,Employee_2984,Sales,43000
EMP2985,Employee_2985,Marketing,44000
EMP2986,Employee_2986,IT,45000
EMP2987,Employee_2987,HR,46000
EMP2988,Employee_2988,Finance,47000
EMP2989,Employee_2989,Sales,48000
EMP2990,Employee_2990,Marketing,49000
EMP2991,Employee_2991,IT,50000
EMP2992,Employee_2992,HR,51000
EMP2993,Employee_2993,Finance,52000
EMP2994,Employee_2994,Sales,53000
EMP2995,Employee_2995,Marketing,54000
EMP2996,Employee_2996,IT,55000
EMP2997,Employee_2997,HR,56000
EMP2998,Employee_2998,Finance,57000
EMP2999,Employee_2999,Sales,58000
EMP3000,Employee_3000,Marketing,59000
EMP3001,Employee_3001,IT,40000
EMP3002,Employee_3002,HR,41000
EMP3003,Employee_3003,Finance,42000
EMP3004,Employee_3004,Sales,43000
EMP3005,Employee_3005,Marketing,44000
EMP3006,Employee_3006,IT,45000
EMP3007,Employee_3007,HR,46000
EMP3008,Employee_3008,Finance,47000
EMP3009,Employee_3009,Sales,48000
EMP3010,Employee_3010,Marketing,49000
EMP3011,Employee_3011,IT,50000
EMP3012,Employee_3012,HR,51000
EMP3013,Employee_3013,Finance,52000
EMP3014,Employee_3014,Sales,53000
EMP3015,Employee_3015,Marketing,54000
EMP3016,Employee_3016,IT,55000
EMP3017,Employee_3017,HR,56000
EMP3018,Employee_3018,Finance,57000
EMP3019,Employee_3019,Sales,58000
EMP3020,Employee_3020,Marketing,59000
EMP3021,Employee_3021,IT,40000
EMP3022,Employee_3022,HR,41000
EMP3023,Employee_3023,Finance,42000
EMP3024,Employee_3024,Sales,43000
EMP3025,Employee_3025,Marketing,44000
EMP3026,Employee_3026,IT,45000
EMP3027,Employee_3027,HR,46000
EMP3028,Employee_3028,Finance,47000
EMP3029,Employee_3029,Sales,48000
EMP3030,Employee_3030,Marketing,49000
EMP3031,Employee_3031,IT,50000
EMP3032,Employee_3032,HR,51000
EMP3033,Employee_3033,Finance,52000
EMP3034,Employee_3034,Sales,53000
EMP3035,Employee_3035,Marketing,54000
EMP3036,Employee_3036,IT,55000
EMP3037,Employee_3037,HR,56000
EMP3038,Employee_3038,Finance,57000
EMP3039,Employee_3039,Sales,58000
EMP3040,Employee_3040,Marketing,59000
EMP3041,Employee_3041,IT,40000
EMP3042,Employee_3042,HR,41000
EMP3043,Employee_3043,Finance,42000
EMP3044,Employee_3044,Sales,43000
EMP3045,Employee_3045,Marketing,44000
EMP3046,Employee_3046,IT,45000
EMP3047,Employee_3047,HR,46000
EMP3048,Employee_3048,Finance,47000
EMP3049,Employee_3049,Sales,48000
EMP3050,Employee_3050,Marketing,49000
EMP3051,Employee_3051,IT,50000
EMP3052,Employee_3052,HR,51000
EMP3053,Employee_3053,Finance,52000
EMP3054,Employee_3054,Sales,53000
EMP3055,Employee_3055,Marketing,54000
EMP3056,Employee_3056,IT,55000
EMP3057,Employee_3057,HR,56000
EMP3058,Employee_3058,Finance,57000
EMP3059,Employee_3059,Sales,58000
EMP3060,Employee_3060,Marketing,59000
EMP3061,Employee_3061,IT,40000
EMP3062,Employee_3062,HR,41000
EMP3063,Employee_3063,Finance,42000
EMP3064,Employee_3064,Sales,43000
EMP3065,Employee_3065,Marketing,44000
EMP3066,Employee_3066,IT,45000
EMP3067,Employee_3067,HR,46000
EMP3068,Employee_3068,Finance,47000
EMP3069,Employee_3069,Sales,48000
EMP3070,Employee_3070,Marketing,49000
EMP3071,Employee_3071,IT,50000
EMP3072,Employee_3072,HR,51000
EMP3073,Employee_3073,Finance,52000
EMP3074,Employee_3074,Sales,53000
EMP3075,Employee_3075,Marketing,54000
EMP3076,Employee_3076,IT,55000
EMP3077,Employee_3077,HR,56000
EMP3078,Employee_3078,Finance,57000
EMP3079,Employee_3079,Sales,58000
EMP3080,Employee_3080,Marketing,59000
EMP3081,Employee_3081,IT,40000
EMP3082,Employee_3082,HR,41000
EMP3083,Employee_3083,Finance,42000
EMP3084,Employee_3084,Sales,43000
EMP3085,Employee_3085,Marketing,44000
EMP3086,Employee_3086,IT,45000
EMP3087,Employee_3087,HR,46000
EMP3088,Employee_3088,Finance,47000
EMP3089,Employee_3089,Sales,48000
EMP3090,Employee_3090,Marketing,49000
EMP3091,Employee_3091,IT,50000
EMP3092,Employee_3092,HR,51000
EMP3093,Employee_3093,Finance,52000
EMP3094,Employee_3094,Sales,53000
EMP3095,Employee_3095,Marketing,54000
EMP3096,Employee_3096,IT,55000
EMP3097,Employee_3097,HR,56000
EMP3098,Employee_3098,Finance,57000
EMP3099,Employee_3099,Sales,58000
EMP3100,Employee_3100,Marketing,59000
EMP3101,Employee_3101,IT,40000
EMP3102,Employee_3102,HR,41000
EMP3103,Employee_3103,Finance,42000
EMP3104,Employee_3104,Sales,43000
EMP3105,Employee_3105,Marketing,44000
EMP3106,Employee_3106,IT,45000
EMP3107,Employee_3107,HR,46000
EMP3108,Employee_3108,Finance,47000
EMP3109,Employee_3109,Sales,48000
EMP3110,Employee_3110,Marketing,49000
EMP3111,Employee_3111,IT,50000
EMP3112,Employee_3112,HR,51000
EMP3113,Employee_3113,Finance,52000
EMP3114,Employee_3114,Sales,53000
EMP3115,Employee_3115,Marketing,54000
EMP3116,Employee_3116,IT,55000
EMP3117,Employee_3117,HR,56000
EMP3118,Employee_3118,Finance,57000
EMP3119,Employee_3119,Sales,58000
EMP3120,Employee_3120,Marketing,59000
EMP3121,Employee_3121,IT,40000
EMP3122,Employee_3122,HR,41000
EMP3123,Employee_3123,Finance,42000
EMP3124,Employee_3124,Sales,43000
EMP3125,Employee_3125,Marketing,44000
EMP3126,Employee_3126,IT,45000
EMP3127,Employee_3127,HR,46000
EMP3128,Employee_3128,Finance,47000
EMP3129,Employee_3129,Sales,48000
EMP3130,Employee_3130,Marketing,49000
EMP3131,Employee_3131,IT,50000
EMP3132,Employee_3132,HR,51000
EMP3133,Employee_3133,Finance,52000
EMP3134,Employee_3134,Sales,53000
EMP3135,Employee_3135,Marketing,54000
EMP3136,Employee_3136,IT,55000
EMP3137,Employee_3137,HR,56000
EMP3138,Employee_3138,Finance,57000
EMP3139,Employee_3139,Sales,58000
EMP3140,Employee_3140,Marketing,59000
EMP3141,Employee_3141,IT,40000
EMP3142,Employee_3142,HR,41000
EMP3143,Employee_3143,Finance,42000
EMP3144,Employee_3144,Sales,43000
EMP3145,Employee_3145,Marketing,44000
EMP3146,Employee_3146,IT,45000
EMP3147,Employee_3147,HR,46000
EMP3148,Employee_3148,Finance,47000
EMP3149,Employee_3149,Sales,48000
EMP3150,Employee_3150,Marketing,49000
EMP3151,Employee_3151,IT,50000
EMP3152,Employee_3152,HR,51000
EMP3153,Employee_3153,Finance,52000
EMP3154,Employee_3154,Sales,53000
EMP3155,Employee_3155,Marketing,54000
EMP3156,Employee_3156,IT,55000
EMP3157,Employee_3157,HR,56000
EMP3158,Employee_3158,Finance,57000
EMP3159,Employee_3159,Sales,58000
EMP3160,Employee_3160,Marketing,59000
EMP3161,Employee_3161,IT,40000
EMP3162,Employee_3162,HR,41000
EMP3163,Employee_3163,Finance,42000
EMP3164,Employee_3164,Sales,43000
EMP3165,Employee_3165,Marketing,44000
EMP3166,Employee_3166,IT,45000
EMP3167,Employee_3167,HR,46000
EMP3168,Employee_3168,Finance,47000
EMP3169,Employee_3169,Sales,48000
EMP3170,Employee_3170,Marketing,49000
EMP3171,Employee_3171,IT,50000
EMP3172,Employee_3172,HR,51000
EMP3173,Employee_3173,Finance,52000
EMP3174,Employee_3174,Sales,53000
EMP3175,Employee_3175,Marketing,54000
EMP3176,Employee_3176,IT,55000
EMP3177,Employee_3177,HR,56000
EMP3178,Employee_3178,Finance,57000
EMP3179,Employee_3179,Sales,58000
EMP3180,Employee_3180,Marketing,59000
EMP3181,Employee_3181,IT,40000
EMP3182,Employee_3182,HR,41000
EMP3183,Employee_3183,Finance,42000
EMP3184,Employee_3184,Sales,43000
EMP3185,Employee_3185,Marketing,44000
EMP3186,Employee_3186,IT,45000
EMP3187,Employee_3187,HR,46000
EMP3188,Employee_3188,Finance,47000
EMP3189,Employee_3189,Sales,48000
EMP3190,Employee_3190,Marketing,49000
EMP3191,Employee_3191,IT,50000
EMP3192,Employee_3192,HR,51000
EMP3193,Employee_3193,Finance,52000
EMP3194,Employee_3194,Sales,53000
EMP3195,Employee_3195,Marketing,54000
EMP3196,Employee_3196,IT,55000
EMP3197,Employee_3197,HR,56000
EMP3198,Employee_3198,Finance,57000
EMP3199,Employee_3199,Sales,58000
EMP3200,Employee_3200,Marketing,59000
EMP3201,Employee_3201,IT,40000
EMP3202,Employee_3202,HR,41000
EMP3203,Employee_3203,Finance,42000
EMP3204,Employee_3204,Sales,43000
EMP3205,Employee_3205,Marketing,44000
EMP3206,Employee_3206,IT,45000
EMP3207,Employee_3207,HR,46000
EMP3208,Employee_3208,Finance,47000
EMP3209,Employee_3209,Sales,48000
EMP3210,Employee_3210,Marketing,49000
EMP3211,Employee_3211,IT,50000
EMP3212,Employee_3212,HR,51000
EMP3213,Employee_3213,Finance,52000
EMP3214,Employee_3214,Sales,53000
EMP3215,Employee_3215,Marketing,54000
EMP3216,Employee_3216,IT,55000
EMP3217,Employee_3217,HR,56000
EMP3218,Employee_3218,Finance,57000
EMP3219,Employee_3219,Sales,58000
EMP3220,Employee_3220,Marketing,59000
EMP3221,Employee_3221,IT,40000
EMP3222,Employee_3222,HR,41000
EMP3223,Employee_3223,Finance,42000
EMP3224,Employee_3224,Sales,43000
EMP3225,Employee_3225,Marketing,44000
EMP3226,Employee_3226,IT,45000
EMP3227,Employee_3227,HR,46000
EMP3228,Employee_3228,Finance,47000
EMP3229,Employee_3229,Sales,48000
EMP3230,Employee_3230,Marketing,49000
EMP3231,Employee_3231,IT,50000
EMP3232,Employee_3232,HR,51000
EMP3233,Employee_3233,Finance,52000
EMP3234,Employee_3234,Sales,53000
EMP3235,Employee_3235,Marketing,54000
EMP3236,Employee_3236,IT,55000
EMP3237,Employee_3237,HR,56000
EMP3238,Employee_3238,Finance,57000
EMP3239,Employee_3239,Sales,58000
EMP3240,Employee_3240,Marketing,59000
EMP3241,Employee_3241,IT,40000
EMP3242,Employee_3242,HR,41000
EMP3243,Employee_3243,Finance,42000
EMP3244,Employee_3244,Sales,43000
EMP3245,Employee_3245,Marketing,44000
EMP3246,Employee_3246,IT,45000
EMP3247,Employee_3247,HR,46000
EMP3248,Employee_3248,Finance,47000
EMP3249,Employee_3249,Sales,48000
EMP3250,Employee_3250,Marketing,49000
EMP3251,Employee_3251,IT,50000
EMP3252,Employee_3252,HR,51000
EMP3253,Employee_3253,Finance,52000
EMP3254,Employee_3254,Sales,53000
EMP3255,Employee_3255,Marketing,54000
EMP3256,Employee_3256,IT,55000
EMP3257,Employee_3257,HR,56000
EMP3258,Employee_3258,Finance,57000
EMP3259,Employee_3259,Sales,58000
EMP3260,Employee_3260,Marketing,59000
EMP3261,Employee_3261,IT,40000
EMP3262,Employee_3262,HR,41000
EMP3263,Employee_3263,Finance,42000
EMP3264,Employee_3264,Sales,43000
EMP3265,Employee_3265,Marketing,44000
EMP3266,Employee_3266,IT,45000
EMP3267,Employee_3267,HR,46000
EMP3268,Employee_3268,Finance,47000
EMP3269,Employee_3269,Sales,48000
EMP3270,Employee_3270,Marketing,49000
EMP3271,Employee_3271,IT,50000
EMP3272,Employee_3272,HR,51000
EMP3273,Employee_3273,Finance,52000
EMP3274,Employee_3274,Sales,53000
EMP3275,Employee_3275,Marketing,54000
EMP3276,Employee_3276,IT,55000
EMP3277,Employee_3277,HR,56000
EMP3278,Employee_3278,Finance,57000
EMP3279,Employee_3279,Sales,58000
EMP3280,Employee_3280,Marketing,59000
EMP3281,Employee_3281,IT,40000
EMP3282,Employee_3282,HR,41000
EMP3283,Employee_3283,Finance,42000
EMP3284,Employee_3284,Sales,43000
EMP3285,Employee_3285,Marketing,44000
EMP3286,Employee_3286,IT,45000
EMP3287,Employee_3287,HR,46000
EMP3288,Employee_3288,Finance,47000
EMP3289,Employee_3289,Sales,48000
EMP3290,Employee_3290,Marketing,49000
EMP3291,Employee_3291,IT,50000
EMP3292,Employee_3292,HR,51000
EMP3293,Employee_3293,Finance,52000
EMP3294,Employee_3294,Sales,53000
EMP3295,Employee_3295,Marketing,54000
EMP3296,Employee_3296,IT,55000
EMP3297,Employee_3297,HR,56000
EMP3298,Employee_3298,Finance,57000
EMP3299,Employee_3299,Sales,58000
EMP3300,Employee_3300,Marketing,59000
EMP3301,Employee_3301,IT,40000
EMP3302,Employee_3302,HR,41000
EMP3303,Employee_3303,Finance,42000
EMP3304,Employee_3304,Sales,43000
EMP3305,Employee_3305,Marketing,44000
EMP3306,Employee_3306,IT,45000
EMP3307,Employee_3307,HR,46000
EMP3308,Employee_3308,Finance,47000
EMP3309,Employee_3309,Sales,48000
EMP3310,Employee_3310,Marketing,49000
EMP3311,Employee_3311,IT,50000
EMP3312,Employee_3312,HR,51000
EMP3313,Employee_3313,Finance,52000
EMP3314,Employee_3314,Sales,53000
EMP3315,Employee_3315,Marketing,54000
EMP3316,Employee_3316,IT,55000
EMP3317,Employee_3317,HR,56000
EMP3318,Employee_3318,Finance,57000
EMP3319,Employee_3319,Sales,58000
EMP3320,Employee_3320,Marketing,59000
EMP3321,Employee_3321,IT,40000
EMP3322,Employee_3322,HR,41000
EMP3323,Employee_3323,Finance,42000
EMP3324,Employee_3324,Sales,43000
EMP3325,Employee_3325,Marketing,44000
EMP3326,Employee_3326,IT,45000
EMP3327,Employee_3327,HR,46000
EMP3328,Employee_3328,Finance,47000
EMP3329,Employee_3329,Sales,48000
EMP3330,Employee_3330,Marketing,49000
EMP3331,Employee_3331,IT,50000
EMP3332,Employee_3332,HR,51000
EMP3333,Employee_3333,Finance,52000
EMP3334,Employee_3334,Sales,53000
EMP3335,Employee_3335,Marketing,54000
EMP3336,Employee_3336,IT,55000
EMP3337,Employee_3337,HR,56000
EMP3338,Employee_3338,Finance,57000
EMP3339,Employee_3339,Sales,58000
EMP3340,Employee_3340,Marketing,59000
EMP3341,Employee_3341,IT,40000
EMP3342,Employee_3342,HR,41000
EMP3343,Employee_3343,Finance,42000
EMP3344,Employee_3344,Sales,43000
EMP3345,Employee_3345,Marketing,44000
EMP3346,Employee_3346,IT,45000
EMP3347,Employee_3347,HR,46000
EMP3348,Employee_3348,Finance,47000
EMP3349,Employee_3349,Sales,48000
EMP3350,Employee_3350,Marketing,49000
EMP3351,Employee_3351,IT,50000
EMP3352,Employee_3352,HR,51000
EMP3353,Employee_3353,Finance,52000
EMP3354,Employee_3354,Sales,53000
EMP3355,Employee_3355,Marketing,54000
EMP3356,Employee_3356,IT,55000
EMP3357,Employee_3357,HR,56000
EMP3358,Employee_3358,Finance,57000
EMP3359,Employee_3359,Sales,58000
EMP3360,Employee_3360,Marketing,59000
EMP3361,Employee_3361,IT,40000
EMP3362,Employee_3362,HR,41000
EMP3363,Employee_3363,Finance,42000
EMP3364,Employee_3364,Sales,43000
EMP3365,Employee_3365,Marketing,44000
EMP3366,Employee_3366,IT,45000
EMP3367,Employee_3367,HR,46000
EMP3368,Employee_3368,Finance,47000
EMP3369,Employee_3369,Sales,48000
EMP3370,Employee_3370,Marketing,49000
EMP3371,Employee_3371,IT,50000
EMP3372,Employee_3372,HR,51000
EMP3373,Employee_3373,Finance,52000
EMP3374,Employee_3374,Sales,53000
EMP3375,Employee_3375,Marketing,54000
EMP3376,Employee_3376,IT,55000
EMP3377,Employee_3377,HR,56000
EMP3378,Employee_3378,Finance,57000
EMP3379,Employee_3379,Sales,58000
EMP3380,Employee_3380,Marketing,59000
EMP3381,Employee_3381,IT,40000
EMP3382,Employee_3382,HR,41000
EMP3383,Employee_3383,Finance,42000
EMP3384,Employee_3384,Sales,43000
EMP3385,Employee_3385,Marketing,44000
EMP3386,Employee_3386,IT,45000
EMP3387,Employee_3387,HR,46000
EMP3388,Employee_3388,Finance,47000
EMP3389,Employee_3389,Sales,48000
EMP3390,Employee_3390,Marketing,49000
EMP3391,Employee_3391,IT,50000
EMP3392,Employee_3392,HR,51000
EMP3393,Employee_3393,Finance,52000
EMP3394,Employee_3394,Sales,53000
EMP3395,Employee_3395,Marketing,54000
EMP3396,Employee_3396,IT,55000
EMP3397,Employee_3397,HR,56000
EMP3398,Employee_3398,Finance,57000
EMP3399,Employee_3399,Sales,58000
EMP3400,Employee_3400,Marketing,59000
EMP3401,Employee_3401,IT,40000
EMP3402,Employee_3402,HR,41000
EMP3403,Employee_3403,Finance,42000
EMP3404,Employee_3404,Sales,43000
EMP3405,Employee_3405,Marketing,44000
EMP3406,Employee_3406,IT,45000
EMP3407,Employee_3407,HR,46000
EMP3408,Employee_3408,Finance,47000
EMP3409,Employee_3409,Sales,48000
EMP3410,Employee_3410,Marketing,49000
EMP3411,Employee_3411,IT,50000
EMP3412,Employee_3412,HR,51000
EMP3413,Employee_3413,Finance,52000
EMP3414,Employee_3414,Sales,53000
EMP3415,Employee_3415,Marketing,54000
EMP3416,Employee_3416,IT,55000
EMP3417,Employee_3417,HR,56000
EMP3418,Employee_3418,Finance,57000
EMP3419,Employee_3419,Sales,58000
EMP3420,Employee_3420,Marketing,59000
EMP3421,Employee_3421,IT,40000
EMP3422,Employee_3422,HR,41000
EMP3423,Employee_3423,Finance,42000
EMP3424,Employee_3424,Sales,43000
EMP3425,Employee_3425,Marketing,44000
EMP3426,Employee_3426,IT,45000
EMP3427,Employee_3427,HR,46000
EMP3428,Employee_3428,Finance,47000
EMP3429,Employee_3429,Sales,48000
EMP3430,Employee_3430,Marketing,49000
EMP3431,Employee_3431,IT,50000
EMP3432,Employee_3432,HR,51000
EMP3433,Employee_3433,Finance,52000
EMP3434,Employee_3434,Sales,53000
EMP3435,Employee_3435,Marketing,54000
EMP3436,Employee_3436,IT,55000
EMP3437,Employee_3437,HR,56000
EMP3438,Employee_3438,Finance,57000
EMP3439,Employee_3439,Sales,58000
EMP3440,Employee_3440,Marketing,59000
EMP3441,Employee_3441,IT,40000
EMP3442,Employee_3442,HR,41000
EMP3443,Employee_3443,Finance,42000
EMP3444,Employee_3444,Sales,43000
EMP3445,Employee_3445,Marketing,44000
EMP3446,Employee_3446,IT,45000
EMP3447,Employee_3447,HR,46000
EMP3448,Employee_3448,Finance,47000
EMP3449,Employee_3449,Sales,48000
EMP3450,Employee_3450,Marketing,49000
EMP3451,Employee_3451,IT,50000
EMP3452,Employee_3452,HR,51000
EMP3453,Employee_3453,Finance,52000
EMP3454,Employee_3454,Sales,53000
EMP3455,Employee_3455,Marketing,54000
EMP3456,Employee_3456,IT,55000
EMP3457,Employee_3457,HR,56000
EMP3458,Employee_3458,Finance,57000
EMP3459,Employee_3459,Sales,58000
EMP3460,Employee_3460,Marketing,59000
EMP3461,Employee_3461,IT,40000
EMP3462,Employee_3462,HR,41000
EMP3463,Employee_3463,Finance,42000
EMP3464,Employee_3464,Sales,43000
EMP3465,Employee_3465,Marketing,44000
EMP3466,Employee_3466,IT,45000
EMP3467,Employee_3467,HR,46000
EMP3468,Employee_3468,Finance,47000
EMP3469,Employee_3469,Sales,48000
EMP3470,Employee_3470,Marketing,49000
EMP3471,Employee_3471,IT,50000
EMP3472,Employee_3472,HR,51000
EMP3473,Employee_3473,Finance,52000
EMP3474,Employee_3474,Sales,53000
EMP3475,Employee_3475,Marketing,54000
EMP3476,Employee_3476,IT,55000
EMP3477,Employee_3477,HR,56000
EMP3478,Employee_3478,Finance,57000
EMP3479,Employee_3479,Sales,58000
EMP3480,Employee_3480,Marketing,59000
EMP3481,Employee_3481,IT,40000
EMP3482,Employee_3482,HR,41000
EMP3483,Employee_3483,Finance,42000
EMP3484,Employee_3484,Sales,43000
EMP3485,Employee_3485,Marketing,44000
EMP3486,Employee_3486,IT,45000
EMP3487,Employee_3487,HR,46000
EMP3488,Employee_3488,Finance,47000
EMP3489,Employee_3489,Sales,48000
EMP3490,Employee_3490,Marketing,49000
EMP3491,Employee_3491,IT,50000
EMP3492,Employee_3492,HR,51000
EMP3493,Employee_3493,Finance,52000
EMP3494,Employee_3494,Sales,53000
EMP3495,Employee_3495,Marketing,54000
EMP3496,Employee_3496,IT,55000
EMP3497,Employee_3497,HR,56000
EMP3498,Employee_3498,Finance,57000
EMP3499,Employee_3499,Sales,58000
EMP3500,Employee_3500,Marketing,59000
EMP3501,Employee_3501,IT,40000
EMP3502,Employee_3502,HR,41000
EMP3503,Employee_3503,Finance,42000
EMP3504,Employee_3504,Sales,43000
EMP3505,Employee_3505,Marketing,44000
EMP3506,Employee_3506,IT,45000
EMP3507,Employee_3507,HR,46000
EMP3508,Employee_3508,Finance,47000
EMP3509,Employee_3509,Sales,48000
EMP3510,Employee_3510,Marketing,49000
EMP3511,Employee_3511,IT,50000
EMP3512,Employee_3512,HR,51000
EMP3513,Employee_3513,Finance,52000
EMP3514,Employee_3514,Sales,53000
EMP3515,Employee_3515,Marketing,54000
EMP3516,Employee_3516,IT,55000
EMP3517,Employee_3517,HR,56000
EMP3518,Employee_3518,Finance,57000
EMP3519,Employee_3519,Sales,58000
EMP3520,Employee_3520,Marketing,59000
EMP3521,Employee_3521,IT,40000
EMP3522,Employee_3522,HR,41000
EMP3523,Employee_3523,Finance,42000
EMP3524,Employee_3524,Sales,43000
EMP3525,Employee_3525,Marketing,44000
EMP3526,Employee_3526,IT,45000
EMP3527,Employee_3527,HR,46000
EMP3528,Employee_3528,Finance,47000
EMP3529,Employee_3529,Sales,48000
EMP3530,Employee_3530,Marketing,49000
EMP3531,Employee_3531,IT,50000
EMP3532,Employee_3532,HR,51000
EMP3533,Employee_3533,Finance,52000
EMP3534,Employee_3534,Sales,53000
EMP3535,Employee_3535,Marketing,54000
EMP3536,Employee_3536,IT,55000
EMP3537,Employee_3537,HR,56000
EMP3538,Employee_3538,Finance,57000
EMP3539,Employee_3539,Sales,58000
EMP3540,Employee_3540,Marketing,59000
EMP3541,Employee_3541,IT,40000
EMP3542,Employee_3542,HR,41000
EMP3543,Employee_3543,Finance,42000
EMP3544,Employee_3544,Sales,43000
EMP3545,Employee_3545,Marketing,44000
EMP3546,Employee_3546,IT,45000
EMP3547,Employee_3547,HR,46000
EMP3548,Employee_3548,Finance,47000
EMP3549,Employee_3549,Sales,48000
EMP3550,Employee_3550,Marketing,49000
EMP3551,Employee_3551,IT,50000
EMP3552,Employee_3552,HR,51000
EMP3553,Employee_3553,Finance,52000
EMP3554,Employee_3554,Sales,53000
EMP3555,Employee_3555,Marketing,54000
EMP3556,Employee_3556,IT,55000
EMP3557,Employee_3557,HR,56000
EMP3558,Employee_3558,Finance,57000
EMP3559,Employee_3559,Sales,58000
EMP3560,Employee_3560,Marketing,59000
EMP3561,Employee_3561,IT,40000
EMP3562,Employee_3562,HR,41000
EMP3563,Employee_3563,Finance,42000
EMP3564,Employee_3564,Sales,43000
EMP3565,Employee_3565,Marketing,44000
EMP3566,Employee_3566,IT,45000
EMP3567,Employee_3567,HR,46000
EMP3568,Employee_3568,Finance,47000
EMP3569,Employee_3569,Sales,48000
EMP3570,Employee_3570,Marketing,49000
EMP3571,Employee_3571,IT,50000
EMP3572,Employee_3572,HR,51000
EMP3573,Employee_3573,Finance,52000
EMP3574,Employee_3574,Sales,53000
EMP3575,Employee_3575,Marketing,54000
EMP3576,Employee_3576,IT,55000
EMP3577,Employee_3577,HR,56000
EMP3578,Employee_3578,Finance,57000
EMP3579,Employee_3579,Sales,58000
EMP3580,Employee_3580,Marketing,59000
EMP3581,Employee_3581,IT,40000
EMP3582,Employee_3582,HR,41000
EMP3583,Employee_3583,Finance,42000
EMP3584,Employee_3584,Sales,43000
EMP3585,Employee_3585,Marketing,44000
EMP3586,Employee_3586,IT,45000
EMP3587,Employee_3587,HR,46000
EMP3588,Employee_3588,Finance,47000
EMP3589,Employee_3589,Sales,48000
EMP3590,Employee_3590,Marketing,49000
EMP3591,Employee_3591,IT,50000
EMP3592,Employee_3592,HR,51000
EMP3593,Employee_3593,Finance,52000
EMP3594,Employee_3594,Sales,53000
EMP3595,Employee_3595,Marketing,54000
EMP3596,Employee_3596,IT,55000
EMP3597,Employee_3597,HR,56000
EMP3598,Employee_3598,Finance,57000
EMP3599,Employee_3599,Sales,58000
EMP3600,Employee_3600,Marketing,59000
EMP3601,Employee_3601,IT,40000
EMP3602,Employee_3602,HR,41000
EMP3603,Employee_3603,Finance,42000
EMP3604,Employee_3604,Sales,43000
EMP3605,Employee_3605,Marketing,44000
EMP3606,Employee_3606,IT,45000
EMP3607,Employee_3607,HR,46000
EMP3608,Employee_3608,Finance,47000
EMP3609,Employee_3609,Sales,48000
EMP3610,Employee_3610,Marketing,49000
EMP3611,Employee_3611,IT,50000
EMP3612,Employee_3612,HR,51000
EMP3613,Employee_3613,Finance,52000
EMP3614,Employee_3614,Sales,53000
EMP3615,Employee_3615,Marketing,54000
EMP3616,Employee_3616,IT,55000
EMP3617,Employee_3617,HR,56000
EMP3618,Employee_3618,Finance,57000
EMP3619,Employee_3619,Sales,58000
EMP3620,Employee_3620,Marketing,59000
EMP3621,Employee_3621,IT,40000
EMP3622,Employee_3622,HR,41000
EMP3623,Employee_3623,Finance,42000
EMP3624,Employee_3624,Sales,43000
EMP3625,Employee_3625,Marketing,44000
EMP3626,Employee_3626,IT,45000
EMP3627,Employee_3627,HR,46000
EMP3628,Employee_3628,Finance,47000
EMP3629,Employee_3629,Sales,48000
EMP3630,Employee_3630,Marketing,49000
EMP3631,Employee_3631,IT,50000
EMP3632,Employee_3632,HR,51000
EMP3633,Employee_3633,Finance,52000
EMP3634,Employee_3634,Sales,53000
EMP3635,Employee_3635,Marketing,54000
EMP3636,Employee_3636,IT,55000
EMP3637,Employee_3637,HR,56000
EMP3638,Employee_3638,Finance,57000
EMP3639,Employee_3639,Sales,58000
EMP3640,Employee_3640,Marketing,59000
EMP3641,Employee_3641,IT,40000
EMP3642,Employee_3642,HR,41000
EMP3643,Employee_3643,Finance,42000
EMP3644,Employee_3644,Sales,43000
EMP3645,Employee_3645,Marketing,44000
EMP3646,Employee_3646,IT,45000
EMP3647,Employee_3647,HR,46000
EMP3648,Employee_3648,Finance,47000
EMP3649,Employee_3649,Sales,48000
EMP3650,Employee_3650,Marketing,49000
EMP3651,Employee_3651,IT,50000
EMP3652,Employee_3652,HR,51000
EMP3653,Employee_3653,Finance,52000
EMP3654,Employee_3654,Sales,53000
EMP3655,Employee_3655,Marketing,54000
EMP3656,Employee_3656,IT,55000
EMP3657,Employee_3657,HR,56000
EMP3658,Employee_3658,Finance,57000
EMP3659,Employee_3659,Sales,58000
EMP3660,Employee_3660,Marketing,59000
EMP3661,Employee_3661,IT,40000
EMP3662,Employee_3662,HR,41000
EMP3663,Employee_3663,Finance,42000
EMP3664,Employee_3664,Sales,43000
EMP3665,Employee_3665,Marketing,44000
EMP3666,Employee_3666,IT,45000
EMP3667,Employee_3667,HR,46000
EMP3668,Employee_3668,Finance,47000
EMP3669,Employee_3669,Sales,48000
EMP3670,Employee_3670,Marketing,49000
EMP3671,Employee_3671,IT,50000
EMP3672,Employee_3672,HR,51000
EMP3673,Employee_3673,Finance,52000
EMP3674,Employee_3674,Sales,53000
EMP3675,Employee_3675,Marketing,54000
EMP3676,Employee_3676,IT,55000
EMP3677,Employee_3677,HR,56000
EMP3678,Employee_3678,Finance,57000
EMP3679,Employee_3679,Sales,58000
EMP3680,Employee_3680,Marketing,59000
EMP3681,Employee_3681,IT,40000
EMP3682,Employee_3682,HR,41000
EMP3683,Employee_3683,Finance,42000
EMP3684,Employee_3684,Sales,43000
EMP3685,Employee_3685,Marketing,44000
EMP3686,Employee_3686,IT,45000
EMP3687,Employee_3687,HR,46000
EMP3688,Employee_3688,Finance,47000
EMP3689,Employee_3689,Sales,48000
EMP3690,Employee_3690,Marketing,49000
EMP3691,Employee_3691,IT,50000
EMP3692,Employee_3692,HR,51000
EMP3693,Employee_3693,Finance,52000
EMP3694,Employee_3694,Sales,53000
EMP3695,Employee_3695,Marketing,54000
EMP3696,Employee_3696,IT,55000
EMP3697,Employee_3697,HR,56000
EMP3698,Employee_3698,Finance,57000
EMP3699,Employee_3699,Sales,58000
EMP3700,Employee_3700,Marketing,59000
EMP3701,Employee_3701,IT,40000
EMP3702,Employee_3702,HR,41000
EMP3703,Employee_3703,Finance,42000
EMP3704,Employee_3704,Sales,43000
EMP3705,Employee_3705,Marketing,44000
EMP3706,Employee_3706,IT,45000
EMP3707,Employee_3707,HR,46000
EMP3708,Employee_3708,Finance,47000
EMP3709,Employee_3709,Sales,48000
EMP3710,Employee_3710,Marketing,49000
EMP3711,Employee_3711,IT,50000
EMP3712,Employee_3712,HR,51000
EMP3713,Employee_3713,Finance,52000
EMP3714,Employee_3714,Sales,53000
EMP3715,Employee_3715,Marketing,54000
EMP3716,Employee_3716,IT,55000
EMP3717,Employee_3717,HR,56000
EMP3718,Employee_3718,Finance,57000
EMP3719,Employee_3719,Sales,58000
EMP3720,Employee_3720,Marketing,59000
EMP3721,Employee_3721,IT,40000
EMP3722,Employee_3722,HR,41000
EMP3723,Employee_3723,Finance,42000
EMP3724,Employee_3724,Sales,43000
EMP3725,Employee_3725,Marketing,44000
EMP3726,Employee_3726,IT,45000
EMP3727,Employee_3727,HR,46000
EMP3728,Employee_3728,Finance,47000
EMP3729,Employee_3729,Sales,48000
EMP3730,Employee_3730,Marketing,49000
EMP3731,Employee_3731,IT,50000
EMP3732,Employee_3732,HR,51000
EMP3733,Employee_3733,Finance,52000
EMP3734,Employee_3734,Sales,53000
EMP3735,Employee_3735,Marketing,54000
EMP3736,Employee_3736,IT,55000
EMP3737,Employee_3737,HR,56000
EMP3738,Employee_3738,Finance,57000
EMP3739,Employee_3739,Sales,58000
EMP3740,Employee_3740,Marketing,59000
EMP3741,Employee_3741,IT,40000
EMP3742,Employee_3742,HR,41000
EMP3743,Employee_3743,Finance,42000
EMP3744,Employee_3744,Sales,43000
EMP3745,Employee_3745,Marketing,44000
EMP3746,Employee_3746,IT,45000
EMP3747,Employee_3747,HR,46000
EMP3748,Employee_3748,Finance,47000
EMP3749,Employee_3749,Sales,48000
EMP3750,Employee_3750,Marketing,49000
EMP3751,Employee_3751,IT,50000
EMP3752,Employee_3752,HR,51000
EMP3753,Employee_3753,Finance,52000
EMP3754,Employee_3754,Sales,53000
EMP3755,Employee_3755,Marketing,54000
EMP3756,Employee_3756,IT,55000
EMP3757,Employee_3757,HR,56000
EMP3758,Employee_3758,Finance,57000
EMP3759,Employee_3759,Sales,58000
EMP3760,Employee_3760,Marketing,59000
EMP3761,Employee_3761,IT,40000
EMP3762,Employee_3762,HR,41000
EMP3763,Employee_3763,Finance,42000
EMP3764,Employee_3764,Sales,43000
EMP3765,Employee_3765,Marketing,44000
EMP3766,Employee_3766,IT,45000
EMP3767,Employee_3767,HR,46000
EMP3768,Employee_3768,Finance,47000
EMP3769,Employee_3769,Sales,48000
EMP3770,Employee_3770,Marketing,49000
EMP3771,Employee_3771,IT,50000
EMP3772,Employee_3772,HR,51000
EMP3773,Employee_3773,Finance,52000
EMP3774,Employee_3774,Sales,53000
EMP3775,Employee_3775,Marketing,54000
EMP3776,Employee_3776,IT,55000
EMP3777,Employee_3777,HR,56000
EMP3778,Employee_3778,Finance,57000
EMP3779,Employee_3779,Sales,58000
EMP3780,Employee_3780,Marketing,59000
EMP3781,Employee_3781,IT,40000
EMP3782,Employee_3782,HR,41000
EMP3783,Employee_3783,Finance,42000
EMP3784,Employee_3784,Sales,43000
EMP3785,Employee_3785,Marketing,44000
EMP3786,Employee_3786,IT,45000
EMP3787,Employee_3787,HR,46000
EMP3788,Employee_3788,Finance,47000
EMP3789,Employee_3789,Sales,48000
EMP3790,Employee_3790,Marketing,49000
EMP3791,Employee_3791,IT,50000
EMP3792,Employee_3792,HR,51000
EMP3793,Employee_3793,Finance,52000
EMP3794,Employee_3794,Sales,53000
EMP3795,Employee_3795,Marketing,54000
EMP3796,Employee_3796,IT,55000
EMP3797,Employee_3797,HR,56000
EMP3798,Employee_3798,Finance,57000
EMP3799,Employee_3799,Sales,58000
EMP3800,Employee_3800,Marketing,59000
EMP3801,Employee_3801,IT,40000
EMP3802,Employee_3802,HR,41000
EMP3803,Employee_3803,Finance,42000
EMP3804,Employee_3804,Sales,43000
EMP3805,Employee_3805,Marketing,44000
EMP3806,Employee_3806,IT,45000
EMP3807,Employee_3807,HR,46000
EMP3808,Employee_3808,Finance,47000
EMP3809,Employee_3809,Sales,48000
EMP3810,Employee_3810,Marketing,49000
EMP3811,Employee_3811,IT,50000
EMP3812,Employee_3812,HR,51000
EMP3813,Employee_3813,Finance,52000
EMP3814,Employee_3814,Sales,53000
EMP3815,Employee_3815,Marketing,54000
EMP3816,Employee_3816,IT,55000
EMP3817,Employee_3817,HR,56000
EMP3818,Employee_3818,Finance,57000
EMP3819,Employee_3819,Sales,58000
EMP3820,Employee_3820,Marketing,59000
EMP3821,Employee_3821,IT,40000
EMP3822,Employee_3822,HR,41000
EMP3823,Employee_3823,Finance,42000
EMP3824,Employee_3824,Sales,43000
EMP3825,Employee_3825,Marketing,44000
EMP3826,Employee_3826,IT,45000
EMP3827,Employee_3827,HR,46000
EMP3828,Employee_3828,Finance,47000
EMP3829,Employee_3829,Sales,48000
EMP3830,Employee_3830,Marketing,49000
EMP3831,Employee_3831,IT,50000
EMP3832,Employee_3832,HR,51000
EMP3833,Employee_3833,Finance,52000
EMP3834,Employee_3834,Sales,53000
EMP3835,Employee_3835,Marketing,54000
EMP3836,Employee_3836,IT,55000
EMP3837,Employee_3837,HR,56000
EMP3838,Employee_3838,Finance,57000
EMP3839,Employee_3839,Sales,58000
EMP3840,Employee_3840,Marketing,59000
EMP3841,Employee_3841,IT,40000
EMP3842,Employee_3842,HR,41000
EMP3843,Employee_3843,Finance,42000
EMP3844,Employee_3844,Sales,43000
EMP3845,Employee_3845,Marketing,44000
EMP3846,Employee_3846,IT,45000
EMP3847,Employee_3847,HR,46000
EMP3848,Employee_3848,Finance,47000
EMP3849,Employee_3849,Sales,48000
EMP3850,Employee_3850,Marketing,49000
EMP3851,Employee_3851,IT,50000
EMP3852,Employee_3852,HR,51000
EMP3853,Employee_3853,Finance,52000
EMP3854,Employee_3854,Sales,53000
EMP3855,Employee_3855,Marketing,54000
EMP3856,Employee_3856,IT,55000
EMP3857,Employee_3857,HR,56000
EMP3858,Employee_3858,Finance,57000
EMP3859,Employee_3859,Sales,58000
EMP3860,Employee_3860,Marketing,59000
EMP3861,Employee_3861,IT,40000
EMP3862,Employee_3862,HR,41000
EMP3863,Employee_3863,Finance,42000
EMP3864,Employee_3864,Sales,43000
EMP3865,Employee_3865,Marketing,44000
EMP3866,Employee_3866,IT,45000
EMP3867,Employee_3867,HR,46000
EMP3868,Employee_3868,Finance,47000
EMP3869,Employee_3869,Sales,48000
EMP3870,Employee_3870,Marketing,49000
EMP3871,Employee_3871,IT,50000
EMP3872,Employee_3872,HR,51000
EMP3873,Employee_3873,Finance,52000
EMP3874,Employee_3874,Sales,53000
EMP3875,Employee_3875,Marketing,54000
EMP3876,Employee_3876,IT,55000
EMP3877,Employee_3877,HR,56000
EMP3878,Employee_3878,Finance,57000
EMP3879,Employee_3879,Sales,58000
EMP3880,Employee_3880,Marketing,59000
EMP3881,Employee_3881,IT,40000
EMP3882,Employee_3882,HR,41000
EMP3883,Employee_3883,Finance,42000
EMP3884,Employee_3884,Sales,43000
EMP3885,Employee_3885,Marketing,44000
EMP3886,Employee_3886,IT,45000
EMP3887,Employee_3887,HR,46000
EMP3888,Employee_3888,Finance,47000
EMP3889,Employee_3889,Sales,48000
EMP3890,Employee_3890,Marketing,49000
EMP3891,Employee_3891,IT,50000
EMP3892,Employee_3892,HR,51000
EMP3893,Employee_3893,Finance,52000
EMP3894,Employee_3894,Sales,53000
EMP3895,Employee_3895,Marketing,54000
EMP3896,Employee_3896,IT,55000
EMP3897,Employee_3897,HR,56000
EMP3898,Employee_3898,Finance,57000
EMP3899,Employee_3899,Sales,58000
EMP3900,Employee_3900,Marketing,59000
EMP3901,Employee_3901,IT,40000
EMP3902,Employee_3902,HR,41000
EMP3903,Employee_3903,Finance,42000
EMP3904,Employee_3904,Sales,43000
EMP3905,Employee_3905,Marketing,44000
EMP3906,Employee_3906,IT,45000
EMP3907,Employee_3907,HR,46000
EMP3908,Employee_3908,Finance,47000
EMP3909,Employee_3909,Sales,48000
EMP3910,Employee_3910,Marketing,49000
EMP3911,Employee_3911,IT,50000
EMP3912,Employee_3912,HR,51000
EMP3913,Employee_3913,Finance,52000
EMP3914,Employee_3914,Sales,53000
EMP3915,Employee_3915,Marketing,54000
EMP3916,Employee_3916,IT,55000
EMP3917,Employee_3917,HR,56000
EMP3918,Employee_3918,Finance,57000
EMP3919,Employee_3919,Sales,58000
EMP3920,Employee_3920,Marketing,59000
EMP3921,Employee_3921,IT,40000
EMP3922,Employee_3922,HR,41000
EMP3923,Employee_3923,Finance,42000
EMP3924,Employee_3924,Sales,43000
EMP3925,Employee_3925,Marketing,44000
EMP3926,Employee_3926,IT,45000
EMP3927,Employee_3927,HR,46000
EMP3928,Employee_3928,Finance,47000
EMP3929,Employee_3929,Sales,48000
EMP3930,Employee_3930,Marketing,49000
EMP3931,Employee_3931,IT,50000
EMP3932,Employee_3932,HR,51000
EMP3933,Employee_3933,Finance,52000
EMP3934,Employee_3934,Sales,53000
EMP3935,Employee_3935,Marketing,54000
EMP3936,Employee_3936,IT,55000
EMP3937,Employee_3937,HR,56000
EMP3938,Employee_3938,Finance,57000
EMP3939,Employee_3939,Sales,58000
EMP3940,Employee_3940,Marketing,59000
EMP3941,Employee_3941,IT,40000
EMP3942,Employee_3942,HR,41000
EMP3943,Employee_3943,Finance,42000
EMP3944,Employee_3944,Sales,43000
EMP3945,Employee_3945,Marketing,44000
EMP3946,Employee_3946,IT,45000
EMP3947,Employee_3947,HR,46000
EMP3948,Employee_3948,Finance,47000
EMP3949,Employee_3949,Sales,48000
EMP3950,Employee_3950,Marketing,49000
EMP3951,Employee_3951,IT,50000
EMP3952,Employee_3952,HR,51000
EMP3953,Employee_3953,Finance,52000
EMP3954,Employee_3954,Sales,53000
EMP3955,Employee_3955,Marketing,54000
EMP3956,Employee_3956,IT,55000
EMP3957,Employee_3957,HR,56000
EMP3958,Employee_3958,Finance,57000
EMP3959,Employee_3959,Sales,58000
EMP3960,Employee_3960,Marketing,59000
EMP3961,Employee_3961,IT,40000
EMP3962,Employee_3962,HR,41000
EMP3963,Employee_3963,Finance,42000
EMP3964,Employee_3964,Sales,43000
EMP3965,Employee_3965,Marketing,44000
EMP3966,Employee_3966,IT,45000
EMP3967,Employee_3967,HR,46000
EMP3968,Employee_3968,Finance,47000
EMP3969,Employee_3969,Sales,48000
EMP3970,Employee_3970,Marketing,49000
EMP3971,Employee_3971,IT,50000
EMP3972,Employee_3972,HR,51000
EMP3973,Employee_3973,Finance,52000
EMP3974,Employee_3974,Sales,53000
EMP3975,Employee_3975,Marketing,54000
EMP3976,Employee_3976,IT,55000
EMP3977,Employee_3977,HR,56000
EMP3978,Employee_3978,Finance,57000
EMP3979,Employee_3979,Sales,58000
EMP3980,Employee_3980,Marketing,59000
EMP3981,Employee_3981,IT,40000
EMP3982,Employee_3982,HR,41000
EMP3983,Employee_3983,Finance,42000
EMP3984,Employee_3984,Sales,43000
EMP3985,Employee_3985,Marketing,44000
EMP3986,Employee_3986,IT,45000
EMP3987,Employee_3987,HR,46000
EMP3988,Employee_3988,Finance,47000
EMP3989,Employee_3989,Sales,48000
EMP3990,Employee_3990,Marketing,49000
EMP3991,Employee_3991,IT,50000
EMP3992,Employee_3992,HR,51000
EMP3993,Employee_3993,Finance,52000
EMP3994,Employee_3994,Sales,53000
EMP3995,Employee_3995,Marketing,54000
EMP3996,Employee_3996,IT,55000
EMP3997,Employee_3997,HR,56000
EMP3998,Employee_3998,Finance,57000
EMP3999,Employee_3999,Sales,58000
EMP4000,Employee_4000,Marketing,59000
EMP4001,Employee_4001,IT,40000
EMP4002,Employee_4002,HR,41000
EMP4003,Employee_4003,Finance,42000
EMP4004,Employee_4004,Sales,43000
EMP4005,Employee_4005,Marketing,44000
EMP4006,Employee_4006,IT,45000
EMP4007,Employee_4007,HR,46000
EMP4008,Employee_4008,Finance,47000
EMP4009,Employee_4009,Sales,48000
EMP4010,Employee_4010,Marketing,49000
EMP4011,Employee_4011,IT,50000
EMP4012,Employee_4012,HR,51000
EMP4013,Employee_4013,Finance,52000
EMP4014,Employee_4014,Sales,53000
EMP4015,Employee_4015,Marketing,54000
EMP4016,Employee_4016,IT,55000
EMP4017,Employee_4017,HR,56000
EMP4018,Employee_4018,Finance,57000
EMP4019,Employee_4019,Sales,58000
EMP4020,Employee_4020,Marketing,59000
EMP4021,Employee_4021,IT,40000
EMP4022,Employee_4022,HR,41000
EMP4023,Employee_4023,Finance,42000
EMP4024,Employee_4024,Sales,43000
EMP4025,Employee_4025,Marketing,44000
EMP4026,Employee_4026,IT,45000
EMP4027,Employee_4027,HR,46000
EMP4028,Employee_4028,Finance,47000
EMP4029,Employee_4029,Sales,48000
EMP4030,Employee_4030,Marketing,49000
EMP4031,Employee_4031,IT,50000
EMP4032,Employee_4032,HR,51000
EMP4033,Employee_4033,Finance,52000
EMP4034,Employee_4034,Sales,53000
EMP4035,Employee_4035,Marketing,54000
EMP4036,Employee_4036,IT,55000
EMP4037,Employee_4037,HR,56000
EMP4038,Employee_4038,Finance,57000
EMP4039,Employee_4039,Sales,58000
EMP4040,Employee_4040,Marketing,59000
EMP4041,Employee_4041,IT,40000
EMP4042,Employee_4042,HR,41000
EMP4043,Employee_4043,Finance,42000
EMP4044,Employee_4044,Sales,43000
EMP4045,Employee_4045,Marketing,44000
EMP4046,Employee_4046,IT,45000
EMP4047,Employee_4047,HR,46000
EMP4048,Employee_4048,Finance,47000
EMP4049,Employee_4049,Sales,48000
EMP4050,Employee_4050,Marketing,49000
EMP4051,Employee_4051,IT,50000
EMP4052,Employee_4052,HR,51000
EMP4053,Employee_4053,Finance,52000
EMP4054,Employee_4054,Sales,53000
EMP4055,Employee_4055,Marketing,54000
EMP4056,Employee_4056,IT,55000
EMP4057,Employee_4057,HR,56000
EMP4058,Employee_4058,Finance,57000
EMP4059,Employee_4059,Sales,58000
EMP4060,Employee_4060,Marketing,59000
EMP4061,Employee_4061,IT,40000
EMP4062,Employee_4062,HR,41000
EMP4063,Employee_4063,Finance,42000
EMP4064,Employee_4064,Sales,43000
EMP4065,Employee_4065,Marketing,44000
EMP4066,Employee_4066,IT,45000
EMP4067,Employee_4067,HR,46000
EMP4068,Employee_4068,Finance,47000
EMP4069,Employee_4069,Sales,48000
EMP4070,Employee_4070,Marketing,49000
EMP4071,Employee_4071,IT,50000
EMP4072,Employee_4072,HR,51000
EMP4073,Employee_4073,Finance,52000
EMP4074,Employee_4074,Sales,53000
EMP4075,Employee_4075,Marketing,54000
EMP4076,Employee_4076,IT,55000
EMP4077,Employee_4077,HR,56000
EMP4078,Employee_4078,Finance,57000
EMP4079,Employee_4079,Sales,58000
EMP4080,Employee_4080,Marketing,59000
EMP4081,Employee_4081,IT,40000
EMP4082,Employee_4082,HR,41000
EMP4083,Employee_4083,Finance,42000
EMP4084,Employee_4084,Sales,43000
EMP4085,Employee_4085,Marketing,44000
EMP4086,Employee_4086,IT,45000
EMP4087,Employee_4087,HR,46000
EMP4088,Employee_4088,Finance,47000
EMP4089,Employee_4089,Sales,48000
EMP4090,Employee_4090,Marketing,49000
EMP4091,Employee_4091,IT,50000
EMP4092,Employee_4092,HR,51000
EMP4093,Employee_4093,Finance,52000
EMP4094,Employee_4094,Sales,53000
EMP4095,Employee_4095,Marketing,54000
EMP4096,Employee_4096,IT,55000
EMP4097,Employee_4097,HR,56000
EMP4098,Employee_4098,Finance,57000
EMP4099,Employee_4099,Sales,58000
EMP4100,Employee_4100,Marketing,59000
EMP4101,Employee_4101,IT,40000
EMP4102,Employee_4102,HR,41000
EMP4103,Employee_4103,Finance,42000
EMP4104,Employee_4104,Sales,43000
EMP4105,Employee_4105,Marketing,44000
EMP4106,Employee_4106,IT,45000
EMP4107,Employee_4107,HR,46000
EMP4108,Employee_4108,Finance,47000
EMP4109,Employee_4109,Sales,48000
EMP4110,Employee_4110,Marketing,49000
EMP4111,Employee_4111,IT,50000
EMP4112,Employee_4112,HR,51000
EMP4113,Employee_4113,Finance,52000
EMP4114,Employee_4114,Sales,53000
EMP4115,Employee_4115,Marketing,54000
EMP4116,Employee_4116,IT,55000
EMP4117,Employee_4117,HR,56000
EMP4118,Employee_4118,Finance,57000
EMP4119,Employee_4119,Sales,58000
EMP4120,Employee_4120,Marketing,59000
EMP4121,Employee_4121,IT,40000
EMP4122,Employee_4122,HR,41000
EMP4123,Employee_4123,Finance,42000
EMP4124,Employee_4124,Sales,43000
EMP4125,Employee_4125,Marketing,44000
EMP4126,Employee_4126,IT,45000
EMP4127,Employee_4127,HR,46000
EMP4128,Employee_4128,Finance,47000
EMP4129,Employee_4129,Sales,48000
EMP4130,Employee_4130,Marketing,49000
EMP4131,Employee_4131,IT,50000
EMP4132,Employee_4132,HR,51000
EMP4133,Employee_4133,Finance,52000
EMP4134,Employee_4134,Sales,53000
EMP4135,Employee_4135,Marketing,54000
EMP4136,Employee_4136,IT,55000
EMP4137,Employee_4137,HR,56000
EMP4138,Employee_4138,Finance,57000
EMP4139,Employee_4139,Sales,58000
EMP4140,Employee_4140,Marketing,59000
EMP4141,Employee_4141,IT,40000
EMP4142,Employee_4142,HR,41000
EMP4143,Employee_4143,Finance,42000
EMP4144,Employee_4144,Sales,43000
EMP4145,Employee_4145,Marketing,44000
EMP4146,Employee_4146,IT,45000
EMP4147,Employee_4147,HR,46000
EMP4148,Employee_4148,Finance,47000
EMP4149,Employee_4149,Sales,48000
EMP4150,Employee_4150,Marketing,49000
EMP4151,Employee_4151,IT,50000
EMP4152,Employee_4152,HR,51000
EMP4153,Employee_4153,Finance,52000
EMP4154,Employee_4154,Sales,53000
EMP4155,Employee_4155,Marketing,54000
EMP4156,Employee_4156,IT,55000
EMP4157,Employee_4157,HR,56000
EMP4158,Employee_4158,Finance,57000
EMP4159,Employee_4159,Sales,58000
EMP4160,Employee_4160,Marketing,59000
EMP4161,Employee_4161,IT,40000
EMP4162,Employee_4162,HR,41000
EMP4163,Employee_4163,Finance,42000
EMP4164,Employee_4164,Sales,43000
EMP4165,Employee_4165,Marketing,44000
EMP4166,Employee_4166,IT,45000
EMP4167,Employee_4167,HR,46000
EMP4168,Employee_4168,Finance,47000
EMP4169,Employee_4169,Sales,48000
EMP4170,Employee_4170,Marketing,49000
EMP4171,Employee_4171,IT,50000
EMP4172,Employee_4172,HR,51000
EMP4173,Employee_4173,Finance,52000
EMP4174,Employee_4174,Sales,53000
EMP4175,Employee_4175,Marketing,54000
EMP4176,Employee_4176,IT,55000
EMP4177,Employee_4177,HR,56000
EMP4178,Employee_4178,Finance,57000
EMP4179,Employee_4179,Sales,58000
EMP4180,Employee_4180,Marketing,59000
EMP4181,Employee_4181,IT,40000
EMP4182,Employee_4182,HR,41000
EMP4183,Employee_4183,Finance,42000
EMP4184,Employee_4184,Sales,43000
EMP4185,Employee_4185,Marketing,44000
EMP4186,Employee_4186,IT,45000
EMP4187,Employee_4187,HR,46000
EMP4188,Employee_4188,Finance,47000
EMP4189,Employee_4189,Sales,48000
EMP4190,Employee_4190,Marketing,49000
EMP4191,Employee_4191,IT,50000
EMP4192,Employee_4192,HR,51000
EMP4193,Employee_4193,Finance,52000
EMP4194,Employee_4194,Sales,53000
EMP4195,Employee_4195,Marketing,54000
EMP4196,Employee_4196,IT,55000
EMP4197,Employee_4197,HR,56000
EMP4198,Employee_4198,Finance,57000
EMP4199,Employee_4199,Sales,58000
EMP4200,Employee_4200,Marketing,59000
EMP4201,Employee_4201,IT,40000
EMP4202,Employee_4202,HR,41000
EMP4203,Employee_4203,Finance,42000
EMP4204,Employee_4204,Sales,43000
EMP4205,Employee_4205,Marketing,44000
EMP4206,Employee_4206,IT,45000
EMP4207,Employee_4207,HR,46000
EMP4208,Employee_4208,Finance,47000
EMP4209,Employee_4209,Sales,48000
EMP4210,Employee_4210,Marketing,49000
EMP4211,Employee_4211,IT,50000
EMP4212,Employee_4212,HR,51000
EMP4213,Employee_4213,Finance,52000
EMP4214,Employee_4214,Sales,53000
EMP4215,Employee_4215,Marketing,54000
EMP4216,Employee_4216,IT,55000
EMP4217,Employee_4217,HR,56000
EMP4218,Employee_4218,Finance,57000
EMP4219,Employee_4219,Sales,58000
EMP4220,Employee_4220,Marketing,59000
EMP4221,Employee_4221,IT,40000
EMP4222,Employee_4222,HR,41000
EMP4223,Employee_4223,Finance,42000
EMP4224,Employee_4224,Sales,43000
EMP4225,Employee_4225,Marketing,44000
EMP4226,Employee_4226,IT,45000
EMP4227,Employee_4227,HR,46000
EMP4228,Employee_4228,Finance,47000
EMP4229,Employee_4229,Sales,48000
EMP4230,Employee_4230,Marketing,49000
EMP4231,Employee_4231,IT,50000
EMP4232,Employee_4232,HR,51000
EMP4233,Employee_4233,Finance,52000
EMP4234,Employee_4234,Sales,53000
EMP4235,Employee_4235,Marketing,54000
EMP4236,Employee_4236,IT,55000
EMP4237,Employee_4237,HR,56000
EMP4238,Employee_4238,Finance,57000
EMP4239,Employee_4239,Sales,58000
EMP4240,Employee_4240,Marketing,59000
EMP4241,Employee_4241,IT,40000
EMP4242,Employee_4242,HR,41000
EMP4243,Employee_4243,Finance,42000
EMP4244,Employee_4244,Sales,43000
EMP4245,Employee_4245,Marketing,44000
EMP4246,Employee_4246,IT,45000
EMP4247,Employee_4247,HR,46000
EMP4248,Employee_4248,Finance,47000
EMP4249,Employee_4249,Sales,48000
EMP4250,Employee_4250,Marketing,49000
EMP4251,Employee_4251,IT,50000
EMP4252,Employee_4252,HR,51000
EMP4253,Employee_4253,Finance,52000
EMP4254,Employee_4254,Sales,53000
EMP4255,Employee_4255,Marketing,54000
EMP4256,Employee_4256,IT,55000
EMP4257,Employee_4257,HR,56000
EMP4258,Employee_4258,Finance,57000
EMP4259,Employee_4259,Sales,58000
EMP4260,Employee_4260,Marketing,59000
EMP4261,Employee_4261,IT,40000
EMP4262,Employee_4262,HR,41000
EMP4263,Employee_4263,Finance,42000
EMP4264,Employee_4264,Sales,43000
EMP4265,Employee_4265,Marketing,44000
EMP4266,Employee_4266,IT,45000
EMP4267,Employee_4267,HR,46000
EMP4268,Employee_4268,Finance,47000
EMP4269,Employee_4269,Sales,48000
EMP4270,Employee_4270,Marketing,49000
EMP4271,Employee_4271,IT,50000
EMP4272,Employee_4272,HR,51000
EMP4273,Employee_4273,Finance,52000
EMP4274,Employee_4274,Sales,53000
EMP4275,Employee_4275,Marketing,54000
EMP4276,Employee_4276,IT,55000
EMP4277,Employee_4277,HR,56000
EMP4278,Employee_4278,Finance,57000
EMP4279,Employee_4279,Sales,58000
EMP4280,Employee_4280,Marketing,59000
EMP4281,Employee_4281,IT,40000
EMP4282,Employee_4282,HR,41000
EMP4283,Employee_4283,Finance,42000
EMP4284,Employee_4284,Sales,43000
EMP4285,Employee_4285,Marketing,44000
EMP4286,Employee_4286,IT,45000
EMP4287,Employee_4287,HR,46000
EMP4288,Employee_4288,Finance,47000
EMP4289,Employee_4289,Sales,48000
EMP4290,Employee_4290,Marketing,49000
EMP4291,Employee_4291,IT,50000
EMP4292,Employee_4292,HR,51000
EMP4293,Employee_4293,Finance,52000
EMP4294,Employee_4294,Sales,53000
EMP4295,Employee_4295,Marketing,54000
EMP4296,Employee_4296,IT,55000
EMP4297,Employee_4297,HR,56000
EMP4298,Employee_4298,Finance,57000
EMP4299,Employee_4299,Sales,58000
EMP4300,Employee_4300,Marketing,59000
EMP4301,Employee_4301,IT,40000
EMP4302,Employee_4302,HR,41000
EMP4303,Employee_4303,Finance,42000
EMP4304,Employee_4304,Sales,43000
EMP4305,Employee_4305,Marketing,44000
EMP4306,Employee_4306,IT,45000
EMP4307,Employee_4307,HR,46000
EMP4308,Employee_4308,Finance,47000
EMP4309,Employee_4309,Sales,48000
EMP4310,Employee_4310,Marketing,49000
EMP4311,Employee_4311,IT,50000
EMP4312,Employee_4312,HR,51000
EMP4313,Employee_4313,Finance,52000
EMP4314,Employee_4314,Sales,53000
EMP4315,Employee_4315,Marketing,54000
EMP4316,Employee_4316,IT,55000
EMP4317,Employee_4317,HR,56000
EMP4318,Employee_4318,Finance,57000
EMP4319,Employee_4319,Sales,58000
EMP4320,Employee_4320,Marketing,59000
EMP4321,Employee_4321,IT,40000
EMP4322,Employee_4322,HR,41000
EMP4323,Employee_4323,Finance,42000
EMP4324,Employee_4324,Sales,43000
EMP4325,Employee_4325,Marketing,44000
EMP4326,Employee_4326,IT,45000
EMP4327,Employee_4327,HR,46000
EMP4328,Employee_4328,Finance,47000
EMP4329,Employee_4329,Sales,48000
EMP4330,Employee_4330,Marketing,49000
EMP4331,Employee_4331,IT,50000
EMP4332,Employee_4332,HR,51000
EMP4333,Employee_4333,Finance,52000
EMP4334,Employee_4334,Sales,53000
EMP4335,Employee_4335,Marketing,54000
EMP4336,Employee_4336,IT,55000
EMP4337,Employee_4337,HR,56000
EMP4338,Employee_4338,Finance,57000
EMP4339,Employee_4339,Sales,58000
EMP4340,Employee_4340,Marketing,59000
EMP4341,Employee_4341,IT,40000
EMP4342,Employee_4342,HR,41000
EMP4343,Employee_4343,Finance,42000
EMP4344,Employee_4344,Sales,43000
EMP4345,Employee_4345,Marketing,44000
EMP4346,Employee_4346,IT,45000
EMP4347,Employee_4347,HR,46000
EMP4348,Employee_4348,Finance,47000
EMP4349,Employee_4349,Sales,48000
EMP4350,Employee_4350,Marketing,49000
EMP4351,Employee_4351,IT,50000
EMP4352,Employee_4352,HR,51000
EMP4353,Employee_4353,Finance,52000
EMP4354,Employee_4354,Sales,53000
EMP4355,Employee_4355,Marketing,54000
EMP4356,Employee_4356,IT,55000
EMP4357,Employee_4357,HR,56000
EMP4358,Employee_4358,Finance,57000
EMP4359,Employee_4359,Sales,58000
EMP4360,Employee_4360,Marketing,59000
EMP4361,Employee_4361,IT,40000
EMP4362,Employee_4362,HR,41000
EMP4363,Employee_4363,Finance,42000
EMP4364,Employee_4364,Sales,43000
EMP4365,Employee_4365,Marketing,44000
EMP4366,Employee_4366,IT,45000
EMP4367,Employee_4367,HR,46000
EMP4368,Employee_4368,Finance,47000
EMP4369,Employee_4369,Sales,48000
EMP4370,Employee_4370,Marketing,49000
EMP4371,Employee_4371,IT,50000
EMP4372,Employee_4372,HR,51000
EMP4373,Employee_4373,Finance,52000
EMP4374,Employee_4374,Sales,53000
EMP4375,Employee_4375,Marketing,54000
EMP4376,Employee_4376,IT,55000
EMP4377,Employee_4377,HR,56000
EMP4378,Employee_4378,Finance,57000
EMP4379,Employee_4379,Sales,58000
EMP4380,Employee_4380,Marketing,59000
EMP4381,Employee_4381,IT,40000
EMP4382,Employee_4382,HR,41000
EMP4383,Employee_4383,Finance,42000
EMP4384,Employee_4384,Sales,43000
EMP4385,Employee_4385,Marketing,44000
EMP4386,Employee_4386,IT,45000
EMP4387,Employee_4387,HR,46000
EMP4388,Employee_4388,Finance,47000
EMP4389,Employee_4389,Sales,48000
EMP4390,Employee_4390,Marketing,49000
EMP4391,Employee_4391,IT,50000
EMP4392,Employee_4392,HR,51000
EMP4393,Employee_4393,Finance,52000
EMP4394,Employee_4394,Sales,53000
EMP4395,Employee_4395,Marketing,54000
EMP4396,Employee_4396,IT,55000
EMP4397,Employee_4397,HR,56000
EMP4398,Employee_4398,Finance,57000
EMP4399,Employee_4399,Sales,58000
EMP4400,Employee_4400,Marketing,59000
EMP4401,Employee_4401,IT,40000
EMP4402,Employee_4402,HR,41000
EMP4403,Employee_4403,Finance,42000
EMP4404,Employee_4404,Sales,43000
EMP4405,Employee_4405,Marketing,44000
EMP4406,Employee_4406,IT,45000
EMP4407,Employee_4407,HR,46000
EMP4408,Employee_4408,Finance,47000
EMP4409,Employee_4409,Sales,48000
EMP4410,Employee_4410,Marketing,49000
EMP4411,Employee_4411,IT,50000
EMP4412,Employee_4412,HR,51000
EMP4413,Employee_4413,Finance,52000
EMP4414,Employee_4414,Sales,53000
EMP4415,Employee_4415,Marketing,54000
EMP4416,Employee_4416,IT,55000
EMP4417,Employee_4417,HR,56000
EMP4418,Employee_4418,Finance,57000
EMP4419,Employee_4419,Sales,58000
EMP4420,Employee_4420,Marketing,59000
EMP4421,Employee_4421,IT,40000
EMP4422,Employee_4422,HR,41000
EMP4423,Employee_4423,Finance,42000
EMP4424,Employee_4424,Sales,43000
EMP4425,Employee_4425,Marketing,44000
EMP4426,Employee_4426,IT,45000
EMP4427,Employee_4427,HR,46000
EMP4428,Employee_4428,Finance,47000
EMP4429,Employee_4429,Sales,48000
EMP4430,Employee_4430,Marketing,49000
EMP4431,Employee_4431,IT,50000
EMP4432,Employee_4432,HR,51000
EMP4433,Employee_4433,Finance,52000
EMP4434,Employee_4434,Sales,53000
EMP4435,Employee_4435,Marketing,54000
EMP4436,Employee_4436,IT,55000
EMP4437,Employee_4437,HR,56000
EMP4438,Employee_4438,Finance,57000
EMP4439,Employee_4439,Sales,58000
EMP4440,Employee_4440,Marketing,59000
EMP4441,Employee_4441,IT,40000
EMP4442,Employee_4442,HR,41000
EMP4443,Employee_4443,Finance,42000
EMP4444,Employee_4444,Sales,43000
EMP4445,Employee_4445,Marketing,44000
EMP4446,Employee_4446,IT,45000
EMP4447,Employee_4447,HR,46000
EMP4448,Employee_4448,Finance,47000
EMP4449,Employee_4449,Sales,48000
EMP4450,Employee_4450,Marketing,49000
EMP4451,Employee_4451,IT,50000
EMP4452,Employee_4452,HR,51000
EMP4453,Employee_4453,Finance,52000
EMP4454,Employee_4454,Sales,53000
EMP4455,Employee_4455,Marketing,54000
EMP4456,Employee_4456,IT,55000
EMP4457,Employee_4457,HR,56000
EMP4458,Employee_4458,Finance,57000
EMP4459,Employee_4459,Sales,58000
EMP4460,Employee_4460,Marketing,59000
EMP4461,Employee_4461,IT,40000
EMP4462,Employee_4462,HR,41000
EMP4463,Employee_4463,Finance,42000
EMP4464,Employee_4464,Sales,43000
EMP4465,Employee_4465,Marketing,44000
EMP4466,Employee_4466,IT,45000
EMP4467,Employee_4467,HR,46000
EMP4468,Employee_4468,Finance,47000
EMP4469,Employee_4469,Sales,48000
EMP4470,Employee_4470,Marketing,49000
EMP4471,Employee_4471,IT,50000
EMP4472,Employee_4472,HR,51000
EMP4473,Employee_4473,Finance,52000
EMP4474,Employee_4474,Sales,53000
EMP4475,Employee_4475,Marketing,54000
EMP4476,Employee_4476,IT,55000
EMP4477,Employee_4477,HR,56000
EMP4478,Employee_4478,Finance,57000
EMP4479,Employee_4479,Sales,58000
EMP4480,Employee_4480,Marketing,59000
EMP4481,Employee_4481,IT,40000
EMP4482,Employee_4482,HR,41000
EMP4483,Employee_4483,Finance,42000
EMP4484,Employee_4484,Sales,43000
EMP4485,Employee_4485,Marketing,44000
EMP4486,Employee_4486,IT,45000
EMP4487,Employee_4487,HR,46000
EMP4488,Employee_4488,Finance,47000
EMP4489,Employee_4489,Sales,48000
EMP4490,Employee_4490,Marketing,49000
EMP4491,Employee_4491,IT,50000
EMP4492,Employee_4492,HR,51000
EMP4493,Employee_4493,Finance,52000
EMP4494,Employee_4494,Sales,53000
EMP4495,Employee_4495,Marketing,54000
EMP4496,Employee_4496,IT,55000
EMP4497,Employee_4497,HR,56000
EMP4498,Employee_4498,Finance,57000
EMP4499,Employee_4499,Sales,58000
EMP4500,Employee_4500,Marketing,59000
EMP4501,Employee_4501,IT,40000
EMP4502,Employee_4502,HR,41000
EMP4503,Employee_4503,Finance,42000
EMP4504,Employee_4504,Sales,43000
EMP4505,Employee_4505,Marketing,44000
EMP4506,Employee_4506,IT,45000
EMP4507,Employee_4507,HR,46000
EMP4508,Employee_4508,Finance,47000
EMP4509,Employee_4509,Sales,48000
EMP4510,Employee_4510,Marketing,49000
EMP4511,Employee_4511,IT,50000
EMP4512,Employee_4512,HR,51000
EMP4513,Employee_4513,Finance,52000
EMP4514,Employee_4514,Sales,53000
EMP4515,Employee_4515,Marketing,54000
EMP4516,Employee_4516,IT,55000
EMP4517,Employee_4517,HR,56000
EMP4518,Employee_4518,Finance,57000
EMP4519,Employee_4519,Sales,58000
EMP4520,Employee_4520,Marketing,59000
EMP4521,Employee_4521,IT,40000
EMP4522,Employee_4522,HR,41000
EMP4523,Employee_4523,Finance,42000
EMP4524,Employee_4524,Sales,43000
EMP4525,Employee_4525,Marketing,44000
EMP4526,Employee_4526,IT,45000
EMP4527,Employee_4527,HR,46000
EMP4528,Employee_4528,Finance,47000
EMP4529,Employee_4529,Sales,48000
EMP4530,Employee_4530,Marketing,49000
EMP4531,Employee_4531,IT,50000
EMP4532,Employee_4532,HR,51000
EMP4533,Employee_4533,Finance,52000
EMP4534,Employee_4534,Sales,53000
EMP4535,Employee_4535,Marketing,54000
EMP4536,Employee_4536,IT,55000
EMP4537,Employee_4537,HR,56000
EMP4538,Employee_4538,Finance,57000
EMP4539,Employee_4539,Sales,58000
EMP4540,Employee_4540,Marketing,59000
EMP4541,Employee_4541,IT,40000
EMP4542,Employee_4542,HR,41000
EMP4543,Employee_4543,Finance,42000
EMP4544,Employee_4544,Sales,43000
EMP4545,Employee_4545,Marketing,44000
EMP4546,Employee_4546,IT,45000
EMP4547,Employee_4547,HR,46000
EMP4548,Employee_4548,Finance,47000
EMP4549,Employee_4549,Sales,48000
EMP4550,Employee_4550,Marketing,49000
EMP4551,Employee_4551,IT,50000
EMP4552,Employee_4552,HR,51000
EMP4553,Employee_4553,Finance,52000
EMP4554,Employee_4554,Sales,53000
EMP4555,Employee_4555,Marketing,54000
EMP4556,Employee_4556,IT,55000
EMP4557,Employee_4557,HR,56000
EMP4558,Employee_4558,Finance,57000
EMP4559,Employee_4559,Sales,58000
EMP4560,Employee_4560,Marketing,59000
EMP4561,Employee_4561,IT,40000
EMP4562,Employee_4562,HR,41000
EMP4563,Employee_4563,Finance,42000
EMP4564,Employee_4564,Sales,43000
EMP4565,Employee_4565,Marketing,44000
EMP4566,Employee_4566,IT,45000
EMP4567,Employee_4567,HR,46000
EMP4568,Employee_4568,Finance,47000
EMP4569,Employee_4569,Sales,48000
EMP4570,Employee_4570,Marketing,49000
EMP4571,Employee_4571,IT,50000
EMP4572,Employee_4572,HR,51000
EMP4573,Employee_4573,Finance,52000
EMP4574,Employee_4574,Sales,53000
EMP4575,Employee_4575,Marketing,54000
EMP4576,Employee_4576,IT,55000
EMP4577,Employee_4577,HR,56000
EMP4578,Employee_4578,Finance,57000
EMP4579,Employee_4579,Sales,58000
EMP4580,Employee_4580,Marketing,59000
EMP4581,Employee_4581,IT,40000
EMP4582,Employee_4582,HR,41000
EMP4583,Employee_4583,Finance,42000
EMP4584,Employee_4584,Sales,43000
EMP4585,Employee_4585,Marketing,44000
EMP4586,Employee_4586,IT,45000
EMP4587,Employee_4587,HR,46000
EMP4588,Employee_4588,Finance,47000
EMP4589,Employee_4589,Sales,48000
EMP4590,Employee_4590,Marketing,49000
EMP4591,Employee_4591,IT,50000
EMP4592,Employee_4592,HR,51000
EMP4593,Employee_4593,Finance,52000
EMP4594,Employee_4594,Sales,53000
EMP4595,Employee_4595,Marketing,54000
EMP4596,Employee_4596,IT,55000
EMP4597,Employee_4597,HR,56000
EMP4598,Employee_4598,Finance,57000
EMP4599,Employee_4599,Sales,58000
EMP4600,Employee_4600,Marketing,59000
EMP4601,Employee_4601,IT,40000
EMP4602,Employee_4602,HR,41000
EMP4603,Employee_4603,Finance,42000
EMP4604,Employee_4604,Sales,43000
EMP4605,Employee_4605,Marketing,44000
EMP4606,Employee_4606,IT,45000
EMP4607,Employee_4607,HR,46000
EMP4608,Employee_4608,Finance,47000
EMP4609,Employee_4609,Sales,48000
EMP4610,Employee_4610,Marketing,49000
EMP4611,Employee_4611,IT,50000
EMP4612,Employee_4612,HR,51000
EMP4613,Employee_4613,Finance,52000
EMP4614,Employee_4614,Sales,53000
EMP4615,Employee_4615,Marketing,54000
EMP4616,Employee_4616,IT,55000
EMP4617,Employee_4617,HR,56000
EMP4618,Employee_4618,Finance,57000
EMP4619,Employee_4619,Sales,58000
EMP4620,Employee_4620,Marketing,59000
EMP4621,Employee_4621,IT,40000
EMP4622,Employee_4622,HR,41000
EMP4623,Employee_4623,Finance,42000
EMP4624,Employee_4624,Sales,43000
EMP4625,Employee_4625,Marketing,44000
EMP4626,Employee_4626,IT,45000
EMP4627,Employee_4627,HR,46000
EMP4628,Employee_4628,Finance,47000
EMP4629,Employee_4629,Sales,48000
EMP4630,Employee_4630,Marketing,49000
EMP4631,Employee_4631,IT,50000
EMP4632,Employee_4632,HR,51000
EMP4633,Employee_4633,Finance,52000
EMP4634,Employee_4634,Sales,53000
EMP4635,Employee_4635,Marketing,54000
EMP4636,Employee_4636,IT,55000
EMP4637,Employee_4637,HR,56000
EMP4638,Employee_4638,Finance,57000
EMP4639,Employee_4639,Sales,58000
EMP4640,Employee_4640,Marketing,59000
EMP4641,Employee_4641,IT,40000
EMP4642,Employee_4642,HR,41000
EMP4643,Employee_4643,Finance,42000
EMP4644,Employee_4644,Sales,43000
EMP4645,Employee_4645,Marketing,44000
EMP4646,Employee_4646,IT,45000
EMP4647,Employee_4647,HR,46000
EMP4648,Employee_4648,Finance,47000
EMP4649,Employee_4649,Sales,48000
EMP4650,Employee_4650,Marketing,49000
EMP4651,Employee_4651,IT,50000
EMP4652,Employee_4652,HR,51000
EMP4653,Employee_4653,Finance,52000
EMP4654,Employee_4654,Sales,53000
EMP4655,Employee_4655,Marketing,54000
EMP4656,Employee_4656,IT,55000
EMP4657,Employee_4657,HR,56000
EMP4658,Employee_4658,Finance,57000
EMP4659,Employee_4659,Sales,58000
EMP4660,Employee_4660,Marketing,59000
EMP4661,Employee_4661,IT,40000
EMP4662,Employee_4662,HR,41000
EMP4663,Employee_4663,Finance,42000
EMP4664,Employee_4664,Sales,43000
EMP4665,Employee_4665,Marketing,44000
EMP4666,Employee_4666,IT,45000
EMP4667,Employee_4667,HR,46000
EMP4668,Employee_4668,Finance,47000
EMP4669,Employee_4669,Sales,48000
EMP4670,Employee_4670,Marketing,49000
EMP4671,Employee_4671,IT,50000
EMP4672,Employee_4672,HR,51000
EMP4673,Employee_4673,Finance,52000
EMP4674,Employee_4674,Sales,53000
EMP4675,Employee_4675,Marketing,54000
EMP4676,Employee_4676,IT,55000
EMP4677,Employee_4677,HR,56000
EMP4678,Employee_4678,Finance,57000
EMP4679,Employee_4679,Sales,58000
EMP4680,Employee_4680,Marketing,59000
EMP4681,Employee_4681,IT,40000
EMP4682,Employee_4682,HR,41000
EMP4683,Employee_4683,Finance,42000
EMP4684,Employee_4684,Sales,43000
EMP4685,Employee_4685,Marketing,44000
EMP4686,Employee_4686,IT,45000
EMP4687,Employee_4687,HR,46000
EMP4688,Employee_4688,Finance,47000
EMP4689,Employee_4689,Sales,48000
EMP4690,Employee_4690,Marketing,49000
EMP4691,Employee_4691,IT,50000
EMP4692,Employee_4692,HR,51000
EMP4693,Employee_4693,Finance,52000
EMP4694,Employee_4694,Sales,53000
EMP4695,Employee_4695,Marketing,54000
EMP4696,Employee_4696,IT,55000
EMP4697,Employee_4697,HR,56000
EMP4698,Employee_4698,Finance,57000
EMP4699,Employee_4699,Sales,58000
EMP4700,Employee_4700,Marketing,59000
EMP4701,Employee_4701,IT,40000
EMP4702,Employee_4702,HR,41000
EMP4703,Employee_4703,Finance,42000
EMP4704,Employee_4704,Sales,43000
EMP4705,Employee_4705,Marketing,44000
EMP4706,Employee_4706,IT,45000
EMP4707,Employee_4707,HR,46000
EMP4708,Employee_4708,Finance,47000
EMP4709,Employee_4709,Sales,48000
EMP4710,Employee_4710,Marketing,49000
EMP4711,Employee_4711,IT,50000
EMP4712,Employee_4712,HR,51000
EMP4713,Employee_4713,Finance,52000
EMP4714,Employee_4714,Sales,53000
EMP4715,Employee_4715,Marketing,54000
EMP4716,Employee_4716,IT,55000
EMP4717,Employee_4717,HR,56000
EMP4718,Employee_4718,Finance,57000
EMP4719,Employee_4719,Sales,58000
EMP4720,Employee_4720,Marketing,59000
EMP4721,Employee_4721,IT,40000
EMP4722,Employee_4722,HR,41000
EMP4723,Employee_4723,Finance,42000
EMP4724,Employee_4724,Sales,43000
EMP4725,Employee_4725,Marketing,44000
EMP4726,Employee_4726,IT,45000
EMP4727,Employee_4727,HR,46000
EMP4728,Employee_4728,Finance,47000
EMP4729,Employee_4729,Sales,48000
EMP4730,Employee_4730,Marketing,49000
EMP4731,Employee_4731,IT,50000
EMP4732,Employee_4732,HR,51000
EMP4733,Employee_4733,Finance,52000
EMP4734,Employee_4734,Sales,53000
EMP4735,Employee_4735,Marketing,54000
EMP4736,Employee_4736,IT,55000
EMP4737,Employee_4737,HR,56000
EMP4738,Employee_4738,Finance,57000
EMP4739,Employee_4739,Sales,58000
EMP4740,Employee_4740,Marketing,59000
EMP4741,Employee_4741,IT,40000
EMP4742,Employee_4742,HR,41000
EMP4743,Employee_4743,Finance,42000
EMP4744,Employee_4744,Sales,43000
EMP4745,Employee_4745,Marketing,44000
EMP4746,Employee_4746,IT,45000
EMP4747,Employee_4747,HR,46000
EMP4748,Employee_4748,Finance,47000
EMP4749,Employee_4749,Sales,48000
EMP4750,Employee_4750,Marketing,49000
EMP4751,Employee_4751,IT,50000
EMP4752,Employee_4752,HR,51000
EMP4753,Employee_4753,Finance,52000
EMP4754,Employee_4754,Sales,53000
EMP4755,Employee_4755,Marketing,54000
EMP4756,Employee_4756,IT,55000
EMP4757,Employee_4757,HR,56000
EMP4758,Employee_4758,Finance,57000
EMP4759,Employee_4759,Sales,58000
EMP4760,Employee_4760,Marketing,59000
EMP4761,Employee_4761,IT,40000
EMP4762,Employee_4762,HR,41000
EMP4763,Employee_4763,Finance,42000
EMP4764,Employee_4764,Sales,43000
EMP4765,Employee_4765,Marketing,44000
EMP4766,Employee_4766,IT,45000
EMP4767,Employee_4767,HR,46000
EMP4768,Employee_4768,Finance,47000
EMP4769,Employee_4769,Sales,48000
EMP4770,Employee_4770,Marketing,49000
EMP4771,Employee_4771,IT,50000
EMP4772,Employee_4772,HR,51000
EMP4773,Employee_4773,Finance,52000
EMP4774,Employee_4774,Sales,53000
EMP4775,Employee_4775,Marketing,54000
EMP4776,Employee_4776,IT,55000
EMP4777,Employee_4777,HR,56000
EMP4778,Employee_4778,Finance,57000
EMP4779,Employee_4779,Sales,58000
EMP4780,Employee_4780,Marketing,59000
EMP4781,Employee_4781,IT,40000
EMP4782,Employee_4782,HR,41000
EMP4783,Employee_4783,Finance,42000
EMP4784,Employee_4784,Sales,43000
EMP4785,Employee_4785,Marketing,44000
EMP4786,Employee_4786,IT,45000
EMP4787,Employee_4787,HR,46000
EMP4788,Employee_4788,Finance,47000
EMP4789,Employee_4789,Sales,48000
EMP4790,Employee_4790,Marketing,49000
EMP4791,Employee_4791,IT,50000
EMP4792,Employee_4792,HR,51000
EMP4793,Employee_4793,Finance,52000
EMP4794,Employee_4794,Sales,53000
EMP4795,Employee_4795,Marketing,54000
EMP4796,Employee_4796,IT,55000
EMP4797,Employee_4797,HR,56000
EMP4798,Employee_4798,Finance,57000
EMP4799,Employee_4799,Sales,58000
EMP4800,Employee_4800,Marketing,59000
EMP4801,Employee_4801,IT,40000
EMP4802,Employee_4802,HR,41000
EMP4803,Employee_4803,Finance,42000
EMP4804,Employee_4804,Sales,43000
EMP4805,Employee_4805,Marketing,44000
EMP4806,Employee_4806,IT,45000
EMP4807,Employee_4807,HR,46000
EMP4808,Employee_4808,Finance,47000
EMP4809,Employee_4809,Sales,48000
EMP4810,Employee_4810,Marketing,49000
EMP4811,Employee_4811,IT,50000
EMP4812,Employee_4812,HR,51000
EMP4813,Employee_4813,Finance,52000
EMP4814,Employee_4814,Sales,53000
EMP4815,Employee_4815,Marketing,54000
EMP4816,Employee_4816,IT,55000
EMP4817,Employee_4817,HR,56000
EMP4818,Employee_4818,Finance,57000
EMP4819,Employee_4819,Sales,58000
EMP4820,Employee_4820,Marketing,59000
EMP4821,Employee_4821,IT,40000
EMP4822,Employee_4822,HR,41000
EMP4823,Employee_4823,Finance,42000
EMP4824,Employee_4824,Sales,43000
EMP4825,Employee_4825,Marketing,44000
EMP4826,Employee_4826,IT,45000
EMP4827,Employee_4827,HR,46000
EMP4828,Employee_4828,Finance,47000
EMP4829,Employee_4829,Sales,48000
EMP4830,Employee_4830,Marketing,49000
EMP4831,Employee_4831,IT,50000
EMP4832,Employee_4832,HR,51000
EMP4833,Employee_4833,Finance,52000
EMP4834,Employee_4834,Sales,53000
EMP4835,Employee_4835,Marketing,54000
EMP4836,Employee_4836,IT,55000
EMP4837,Employee_4837,HR,56000
EMP4838,Employee_4838,Finance,57000
EMP4839,Employee_4839,Sales,58000
EMP4840,Employee_4840,Marketing,59000
EMP4841,Employee_4841,IT,40000
EMP4842,Employee_4842,HR,41000
EMP4843,Employee_4843,Finance,42000
EMP4844,Employee_4844,Sales,43000
EMP4845,Employee_4845,Marketing,44000
EMP4846,Employee_4846,IT,45000
EMP4847,Employee_4847,HR,46000
EMP4848,Employee_4848,Finance,47000
EMP4849,Employee_4849,Sales,48000
EMP4850,Employee_4850,Marketing,49000
EMP4851,Employee_4851,IT,50000
EMP4852,Employee_4852,HR,51000
EMP4853,Employee_4853,Finance,52000
EMP4854,Employee_4854,Sales,53000
EMP4855,Employee_4855,Marketing,54000
EMP4856,Employee_4856,IT,55000
EMP4857,Employee_4857,HR,56000
EMP4858,Employee_4858,Finance,57000
EMP4859,Employee_4859,Sales,58000
EMP4860,Employee_4860,Marketing,59000
EMP4861,Employee_4861,IT,40000
EMP4862,Employee_4862,HR,41000
EMP4863,Employee_4863,Finance,42000
EMP4864,Employee_4864,Sales,43000
EMP4865,Employee_4865,Marketing,44000
EMP4866,Employee_4866,IT,45000
EMP4867,Employee_4867,HR,46000
EMP4868,Employee_4868,Finance,47000
EMP4869,Employee_4869,Sales,48000
EMP4870,Employee_4870,Marketing,49000
EMP4871,Employee_4871,IT,50000
EMP4872,Employee_4872,HR,51000
EMP4873,Employee_4873,Finance,52000
EMP4874,Employee_4874,Sales,53000
EMP4875,Employee_4875,Marketing,54000
EMP4876,Employee_4876,IT,55000
EMP4877,Employee_4877,HR,56000
EMP4878,Employee_4878,Finance,57000
EMP4879,Employee_4879,Sales,58000
EMP4880,Employee_4880,Marketing,59000
EMP4881,Employee_4881,IT,40000
EMP4882,Employee_4882,HR,41000
EMP4883,Employee_4883,Finance,42000
EMP4884,Employee_4884,Sales,43000
EMP4885,Employee_4885,Marketing,44000
EMP4886,Employee_4886,IT,45000
EMP4887,Employee_4887,HR,46000
EMP4888,Employee_4888,Finance,47000
EMP4889,Employee_4889,Sales,48000
EMP4890,Employee_4890,Marketing,49000
EMP4891,Employee_4891,IT,50000
EMP4892,Employee_4892,HR,51000
EMP4893,Employee_4893,Finance,52000
EMP4894,Employee_4894,Sales,53000
EMP4895,Employee_4895,Marketing,54000
EMP4896,Employee_4896,IT,55000
EMP4897,Employee_4897,HR,56000
EMP4898,Employee_4898,Finance,57000
EMP4899,Employee_4899,Sales,58000
EMP4900,Employee_4900,Marketing,59000
EMP4901,Employee_4901,IT,40000
EMP4902,Employee_4902,HR,41000
EMP4903,Employee_4903,Finance,42000
EMP4904,Employee_4904,Sales,43000
EMP4905,Employee_4905,Marketing,44000
EMP4906,Employee_4906,IT,45000
EMP4907,Employee_4907,HR,46000
EMP4908,Employee_4908,Finance,47000
EMP4909,Employee_4909,Sales,48000
EMP4910,Employee_4910,Marketing,49000
EMP4911,Employee_4911,IT,50000
EMP4912,Employee_4912,HR,51000
EMP4913,Employee_4913,Finance,52000
EMP4914,Employee_4914,Sales,53000
EMP4915,Employee_4915,Marketing,54000
EMP4916,Employee_4916,IT,55000
EMP4917,Employee_4917,HR,56000
EMP4918,Employee_4918,Finance,57000
EMP4919,Employee_4919,Sales,58000
EMP4920,Employee_4920,Marketing,59000
EMP4921,Employee_4921,IT,40000
EMP4922,Employee_4922,HR,41000
EMP4923,Employee_4923,Finance,42000
EMP4924,Employee_4924,Sales,43000
EMP4925,Employee_4925,Marketing,44000
EMP4926,Employee_4926,IT,45000
EMP4927,Employee_4927,HR,46000
EMP4928,Employee_4928,Finance,47000
EMP4929,Employee_4929,Sales,48000
EMP4930,Employee_4930,Marketing,49000
EMP4931,Employee_4931,IT,50000
EMP4932,Employee_4932,HR,51000
EMP4933,Employee_4933,Finance,52000
EMP4934,Employee_4934,Sales,53000
EMP4935,Employee_4935,Marketing,54000
EMP4936,Employee_4936,IT,55000
EMP4937,Employee_4937,HR,56000
EMP4938,Employee_4938,Finance,57000
EMP4939,Employee_4939,Sales,58000
EMP4940,Employee_4940,Marketing,59000
EMP4941,Employee_4941,IT,40000
EMP4942,Employee_4942,HR,41000
EMP4943,Employee_4943,Finance,42000
EMP4944,Employee_4944,Sales,43000
EMP4945,Employee_4945,Marketing,44000
EMP4946,Employee_4946,IT,45000
EMP4947,Employee_4947,HR,46000
EMP4948,Employee_4948,Finance,47000
EMP4949,Employee_4949,Sales,48000
EMP4950,Employee_4950,Marketing,49000
EMP4951,Employee_4951,IT,50000
EMP4952,Employee_4952,HR,51000
EMP4953,Employee_4953,Finance,52000
EMP4954,Employee_4954,Sales,53000
EMP4955,Employee_4955,Marketing,54000
EMP4956,Employee_4956,IT,55000
EMP4957,Employee_4957,HR,56000
EMP4958,Employee_4958,Finance,57000
EMP4959,Employee_4959,Sales,58000
EMP4960,Employee_4960,Marketing,59000
EMP4961,Employee_4961,IT,40000
EMP4962,Employee_4962,HR,41000
EMP4963,Employee_4963,Finance,42000
EMP4964,Employee_4964,Sales,43000
EMP4965,Employee_4965,Marketing,44000
EMP4966,Employee_4966,IT,45000
EMP4967,Employee_4967,HR,46000
EMP4968,Employee_4968,Finance,47000
EMP4969,Employee_4969,Sales,48000
EMP4970,Employee_4970,Marketing,49000
EMP4971,Employee_4971,IT,50000
EMP4972,Employee_4972,HR,51000
EMP4973,Employee_4973,Finance,52000
EMP4974,Employee_4974,Sales,53000
EMP4975,Employee_4975,Marketing,54000
EMP4976,Employee_4976,IT,55000
EMP4977,Employee_4977,HR,56000
EMP4978,Employee_4978,Finance,57000
EMP4979,Employee_4979,Sales,58000
EMP4980,Employee_4980,Marketing,59000
EMP4981,Employee_4981,IT,40000
EMP4982,Employee_4982,HR,41000
EMP4983,Employee_4983,Finance,42000
EMP4984,Employee_4984,Sales,43000
EMP4985,Employee_4985,Marketing,44000
EMP4986,Employee_4986,IT,45000
EMP4987,Employee_4987,HR,46000
EMP4988,Employee_4988,Finance,47000
EMP4989,Employee_4989,Sales,48000
EMP4990,Employee_4990,Marketing,49000
EMP4991,Employee_4991,IT,50000
EMP4992,Employee_4992,HR,51000
EMP4993,Employee_4993,Finance,52000
EMP4994,Employee_4994,Sales,53000
EMP4995,Employee_4995,Marketing,54000
EMP4996,Employee_4996,IT,55000
EMP4997,Employee_4997,HR,56000
EMP4998,Employee_4998,Finance,57000
EMP4999,Employee_4999,Sales,58000
EMP5000,Employee_5000,Marketing,59000
